title,Token,stopword,stemmed,label
ngatiyana terjun langsung menemui warga menampung aspirasi masyarakat,"['ngatiyana', 'terjun', 'langsung', 'menemui', 'warga', 'menampung', 'aspirasi', 'masyarakat']","['ngatiyana', 'terjun', 'langsung', 'menemui', 'warga', 'menampung', 'aspirasi', 'masyarakat']",ngatiyana terjun langsung temu warga tampung aspirasi masyarakat,1
spesifikasi redmi 10c hp gaming murah rp 1 jutaan,"['spesifikasi', 'redmi', '10c', 'hp', 'gaming', 'murah', 'rp', '1', 'jutaan']","['spesifikasi', 'redmi', '10c', 'hp', 'gaming', 'murah', 'rp', '1', 'jutaan']",spesifikasi redmi 10c hp gaming murah rp 1 juta,0
puluhan rumah di perum griya zavira cilawu terancam terbawa longsor warga minta pemkab segera bertindak,"['puluhan', 'rumah', 'di', 'perum', 'griya', 'zavira', 'cilawu', 'terancam', 'terbawa', 'longsor', 'warga', 'minta', 'pemkab', 'segera', 'bertindak']","['puluhan', 'rumah', 'perum', 'griya', 'zavira', 'cilawu', 'terancam', 'terbawa', 'longsor', 'warga', 'pemkab', 'bertindak']",puluh rumah perum griya zavira cilawu ancam bawa longsor warga pemkab tindak,2
prakiraan cuaca kota-kota besar di indonesia untuk senin 25 juli 2022,"['prakiraan', 'cuaca', 'kota', '-', 'kota', 'besar', 'di', 'indonesia', 'untuk', 'senin', '25', 'juli', '2022']","['prakiraan', 'cuaca', 'kota', '-', 'kota', 'indonesia', 'senin', '25', 'juli', '2022']",prakira cuaca kota - kota indonesia senin 25 juli 2022,0
kurang dari 24 jam pelaku pembunuh remaja diciduk saat coba melarikan diri,"['kurang', 'dari', '24', 'jam', 'pelaku', 'pembunuh', 'remaja', 'diciduk', 'saat', 'coba', 'melarikan', 'diri']","['24', 'jam', 'pelaku', 'pembunuh', 'remaja', 'diciduk', 'coba', 'melarikan']",24 jam laku bunuh remaja ciduk coba lari,2
bawaslu kbb butuh anggaran rp23 miliar untuk pilkada serentak 2024,"['bawaslu', 'kbb', 'butuh', 'anggaran', 'rp23', 'miliar', 'untuk', 'pilkada', 'serentak', '2024']","['bawaslu', 'kbb', 'butuh', 'anggaran', 'rp23', 'miliar', 'pilkada', 'serentak', '2024']",bawaslu kbb butuh anggar rp23 miliar pilkada serentak 2024,0
lansia menjadi kelompok paling rentan selama pandemi covid-19,"['lansia', 'menjadi', 'kelompok', 'paling', 'rentan', 'selama', 'pandemi', 'covid', '-', '19']","['lansia', 'kelompok', 'rentan', 'pandemi', 'covid', '-', '19']",lansia kelompok rentan pandemi covid - 19,0
terdakwa kasus kebakaran bengkel di tangerang divonis 8 tahun bui ph keputusan hakim bijak,"['terdakwa', 'kasus', 'kebakaran', 'bengkel', 'di', 'tangerang', 'divonis', '8', 'tahun', 'bui', 'ph', 'keputusan', 'hakim', 'bijak']","['terdakwa', 'kebakaran', 'bengkel', 'tangerang', 'divonis', '8', 'bui', 'ph', 'keputusan', 'hakim', 'bijak']",dakwa bakar bengkel tangerang vonis 8 bui ph putus hakim bijak,0
odong-odong terpental 10 meter dihantam kereta api 9 orang meninggal,"['odong', '-', 'odong', 'terpental', '10', 'meter', 'dihantam', 'kereta', 'api', '9', 'orang', 'meninggal']","['odong', '-', 'odong', 'terpental', '10', 'meter', 'dihantam', 'kereta', 'api', '9', 'orang', 'meninggal']",odong - odong pental 10 meter hantam kereta api 9 orang tinggal,2
cinta setelah cinta 26 juli 2022 tayang di sctv pukul 1930 wib niko dan ayu kepergok tio dan gurunya,"['cinta', 'setelah', 'cinta', '26', 'juli', '2022', 'tayang', 'di', 'sctv', 'pukul', '1930', 'wib', 'niko', 'dan', 'ayu', 'kepergok', 'tio', 'dan', 'gurunya']","['cinta', 'cinta', '26', 'juli', '2022', 'tayang', 'sctv', '1930', 'wib', 'niko', 'ayu', 'kepergok', 'tio', 'gurunya']",cinta cinta 26 juli 2022 tayang sctv 1930 wib niko ayu pergok tio guru,0
sekali panen petani tomat di lembang mampu meraup pendapatan rp1 miliar,"['sekali', 'panen', 'petani', 'tomat', 'di', 'lembang', 'mampu', 'meraup', 'pendapatan', 'rp1', 'miliar']","['panen', 'petani', 'tomat', 'lembang', 'meraup', 'pendapatan', 'rp1', 'miliar']",panen tani tomat lembang raup dapat rp1 miliar,1
bacaan niat puasa senin-kamis berikut doa berbuka dan keutamaannya,"['bacaan', 'niat', 'puasa', 'senin', '-', 'kamis', 'berikut', 'doa', 'berbuka', 'dan', 'keutamaannya']","['bacaan', 'niat', 'puasa', 'senin', '-', 'kamis', 'doa', 'berbuka', 'keutamaannya']",baca niat puasa senin - kamis doa buka utama,0
link live streaming persikabo vs persebaya surabaya segera kick off langsung klik di sini,"['link', 'live', 'streaming', 'persikabo', 'vs', 'persebaya', 'surabaya', 'segera', 'kick', 'off', 'langsung', 'klik', 'di', 'sini']","['link', 'live', 'streaming', 'persikabo', 'vs', 'persebaya', 'surabaya', 'kick', 'off', 'langsung', 'klik']",link live streaming persikabo vs baya surabaya kick off langsung klik,0
link live streaming persib bandung vs bhayangkara fc maung bandung sementara unggul 2-1,"['link', 'live', 'streaming', 'persib', 'bandung', 'vs', 'bhayangkara', 'fc', 'maung', 'bandung', 'sementara', 'unggul', '2', '-', '1']","['link', 'live', 'streaming', 'persib', 'vs', 'bhayangkara', 'fc', 'maung', 'unggul', '2', '-', '1']",link live streaming persib vs bhayangkara fc maung unggul 2 - 1,0
hadapi tim eppd jabar bupati sumedang tekan bawahannya kooperatif,"['hadapi', 'tim', 'eppd', 'jabar', 'bupati', 'sumedang', 'tekan', 'bawahannya', 'kooperatif']","['hadapi', 'tim', 'eppd', 'jabar', 'bupati', 'sumedang', 'tekan', 'bawahannya', 'kooperatif']",hadap tim eppd jabar bupati sumedang tekan bawah kooperatif,2
persikabo taklukkan persebaya surabaya 1-0 gustavo tocantins jadi pahlawan kemenangan,"['persikabo', 'taklukkan', 'persebaya', 'surabaya', '1', '-', '0', 'gustavo', 'tocantins', 'jadi', 'pahlawan', 'kemenangan']","['persikabo', 'taklukkan', 'persebaya', 'surabaya', '1', '-', '0', 'gustavo', 'tocantins', 'pahlawan', 'kemenangan']",persikabo takluk baya surabaya 1 - 0 gustavo tocantins pahlawan menang,1
benfica vs newcastle united jadwal pertandingan tempat dan prediksi susunan pemain,"['benfica', 'vs', 'newcastle', 'united', 'jadwal', 'pertandingan', 'tempat', 'dan', 'prediksi', 'susunan', 'pemain']","['benfica', 'vs', 'newcastle', 'united', 'jadwal', 'pertandingan', 'prediksi', 'susunan', 'pemain']",benfica vs newcastle united jadwal tanding prediksi susun main,0
ridwan kamil 'ceramahi' baim wong soal citayam fashion week tidak perlu ikut-ikutan mengatur,"['ridwan', 'kamil', ""'"", 'ceramahi', ""'"", 'baim', 'wong', 'soal', 'citayam', 'fashion', 'week', 'tidak', 'perlu', 'ikut', '-', 'ikutan', 'mengatur']","['ridwan', 'kamil', ""'"", 'ceramahi', ""'"", 'baim', 'citayam', 'fashion', 'week', '-', 'ikutan', 'mengatur']",ridwan kamil  ceramah  baim citayam fashion week - ikut atur,1
link live streaming persis solo vs dewa united pertaruhan kualitas 2 mantan pelatih timnas indonesia,"['link', 'live', 'streaming', 'persis', 'solo', 'vs', 'dewa', 'united', 'pertaruhan', 'kualitas', '2', 'mantan', 'pelatih', 'timnas', 'indonesia']","['link', 'live', 'streaming', 'persis', 'solo', 'vs', 'dewa', 'united', 'pertaruhan', 'kualitas', '2', 'mantan', 'pelatih', 'timnas', 'indonesia']",link live streaming persis solo vs dewa united taruh kualitas 2 mantan latih timnas indonesia,0
mencekam warga sweeping kendaraan bermotor di yogyakarta plat ad trending topic,"['mencekam', 'warga', 'sweeping', 'kendaraan', 'bermotor', 'di', 'yogyakarta', 'plat', 'ad', 'trending', 'topic']","['mencekam', 'warga', 'sweeping', 'kendaraan', 'bermotor', 'yogyakarta', 'plat', 'ad', 'trending', 'topic']",cekam warga sweeping kendara motor yogyakarta plat ad trending topic,2
ini daftar 73 jemaah haji yang meninggal hingga hari ke-53 60% jemaah gelombang pertama pulang ke tanah air,"['ini', 'daftar', '73', 'jemaah', 'haji', 'yang', 'meninggal', 'hingga', 'hari', 'ke', '-', '53', '60', '%', 'jemaah', 'gelombang', 'pertama', 'pulang', 'ke', 'tanah', 'air']","['daftar', '73', 'jemaah', 'haji', 'meninggal', '-', '53', '60', '%', 'jemaah', 'gelombang', 'pulang', 'tanah', 'air']",daftar 73 jemaah haji tinggal - 53 60  jemaah gelombang pulang tanah air,2
petani masuk kelompok prasejahtera pks minta kader legislatif dan eksekutif ikut berjuang,"['petani', 'masuk', 'kelompok', 'prasejahtera', 'pks', 'minta', 'kader', 'legislatif', 'dan', 'eksekutif', 'ikut', 'berjuang']","['petani', 'masuk', 'kelompok', 'prasejahtera', 'pks', 'kader', 'legislatif', 'eksekutif', 'berjuang']",tani masuk kelompok prasejahtera pks kader legislatif eksekutif juang,1
green kurban salurkan ke 17782 penerima manfaat,"['green', 'kurban', 'salurkan', 'ke', '17782', 'penerima', 'manfaat']","['green', 'kurban', 'salurkan', '17782', 'penerima', 'manfaat']",green kurban salur 17782 terima manfaat,1
bpkad kota cimahi launching aplikasi siaga,"['bpkad', 'kota', 'cimahi', 'launching', 'aplikasi', 'siaga']","['bpkad', 'kota', 'cimahi', 'launching', 'aplikasi', 'siaga']",bpkad kota cimahi launching aplikasi siaga,1
museum subang masih kurang pengunjung,"['museum', 'subang', 'masih', 'kurang', 'pengunjung']","['museum', 'pengunjung']",museum unjung,2
link streaming cinta setelah cinta 26 juli 2022 tayang sesaat lagi langsung klik di sini,"['link', 'streaming', 'cinta', 'setelah', 'cinta', '26', 'juli', '2022', 'tayang', 'sesaat', 'lagi', 'langsung', 'klik', 'di', 'sini']","['link', 'streaming', 'cinta', 'cinta', '26', 'juli', '2022', 'tayang', 'langsung', 'klik']",link streaming cinta cinta 26 juli 2022 tayang langsung klik,0
perkuat persatuan dan kesatuan kodim 0618/bs laksanakan bimkom cegah konflik sosial,"['perkuat', 'persatuan', 'dan', 'kesatuan', 'kodim', '0618', '/', 'bs', 'laksanakan', 'bimkom', 'cegah', 'konflik', 'sosial']","['perkuat', 'persatuan', 'kesatuan', 'kodim', '0618', '/', 'bs', 'laksanakan', 'bimkom', 'cegah', 'konflik', 'sosial']",kuat satu satu kodim 0618  bs laksana bimkom cegah konflik sosial,1
dahana garap rajata penghancur tanpa ketahui musuh,"['dahana', 'garap', 'rajata', 'penghancur', 'tanpa', 'ketahui', 'musuh']","['dahana', 'garap', 'rajata', 'penghancur', 'ketahui', 'musuh']",dahana garap rajata hancur tahu musuh,0
jelang benfica vs newcastle united the magpies ambisi datangkan timo werner dari chelsea,"['jelang', 'benfica', 'vs', 'newcastle', 'united', 'the', 'magpies', 'ambisi', 'datangkan', 'timo', 'werner', 'dari', 'chelsea']","['jelang', 'benfica', 'vs', 'newcastle', 'united', 'the', 'magpies', 'ambisi', 'datangkan', 'timo', 'werner', 'chelsea']",jelang benfica vs newcastle united the magpies ambisi datang timo werner chelsea,0
frets butuan bawa persib unggul sementara di babak kedua link live streaming bisa diakses di sini,"['frets', 'butuan', 'bawa', 'persib', 'unggul', 'sementara', 'di', 'babak', 'kedua', 'link', 'live', 'streaming', 'bisa', 'diakses', 'di', 'sini']","['frets', 'butuan', 'bawa', 'persib', 'unggul', 'babak', 'link', 'live', 'streaming', 'diakses']",frets butuan bawa persib unggul babak link live streaming akses,0
wakil ketua dprd kota bandung ade supriadi wafat wali kota berduka,"['wakil', 'ketua', 'dprd', 'kota', 'bandung', 'ade', 'supriadi', 'wafat', 'wali', 'kota', 'berduka']","['wakil', 'ketua', 'dprd', 'kota', 'ade', 'supriadi', 'wafat', 'wali', 'kota', 'berduka']",wakil ketua dprd kota ade supriadi wafat wali kota duka,0
link live streaming persikabo vs persebaya surabaya langsung klik di sini,"['link', 'live', 'streaming', 'persikabo', 'vs', 'persebaya', 'surabaya', 'langsung', 'klik', 'di', 'sini']","['link', 'live', 'streaming', 'persikabo', 'vs', 'persebaya', 'surabaya', 'langsung', 'klik']",link live streaming persikabo vs baya surabaya langsung klik,0
persib bandung kebobolan jelang pertandingan kontra bhayangkara fc berakhir wasit jadi sorotan bobotoh,"['persib', 'bandung', 'kebobolan', 'jelang', 'pertandingan', 'kontra', 'bhayangkara', 'fc', 'berakhir', 'wasit', 'jadi', 'sorotan', 'bobotoh']","['persib', 'kebobolan', 'jelang', 'pertandingan', 'kontra', 'bhayangkara', 'fc', 'wasit', 'sorotan', 'bobotoh']",persib bobol jelang tanding kontra bhayangkara fc wasit sorot bobotoh,0
pelatihan guru utama revitalisasi bahasa daerah menjaga kepunahan bahasa daerah dengan menulis,"['pelatihan', 'guru', 'utama', 'revitalisasi', 'bahasa', 'daerah', 'menjaga', 'kepunahan', 'bahasa', 'daerah', 'dengan', 'menulis']","['pelatihan', 'guru', 'utama', 'revitalisasi', 'bahasa', 'daerah', 'menjaga', 'kepunahan', 'bahasa', 'daerah', 'menulis']",latih guru utama revitalisasi bahasa daerah jaga punah bahasa daerah tulis,1
nonton persikabo vs persebaya surabaya langsung klik link live streaming hanya di sini,"['nonton', 'persikabo', 'vs', 'persebaya', 'surabaya', 'langsung', 'klik', 'link', 'live', 'streaming', 'hanya', 'di', 'sini']","['nonton', 'persikabo', 'vs', 'persebaya', 'surabaya', 'langsung', 'klik', 'link', 'live', 'streaming']",nonton persikabo vs baya surabaya langsung klik link live streaming,0
ridwan kamil dinobatkan sebagai ayah inspiratif,"['ridwan', 'kamil', 'dinobatkan', 'sebagai', 'ayah', 'inspiratif']","['ridwan', 'kamil', 'dinobatkan', 'ayah', 'inspiratif']",ridwan kamil nobat ayah inspiratif,1
presiden jokowi tiba di china besok sore temui xi jinping secara tertutup,"['presiden', 'jokowi', 'tiba', 'di', 'china', 'besok', 'sore', 'temui', 'xi', 'jinping', 'secara', 'tertutup']","['presiden', 'jokowi', 'china', 'besok', 'sore', 'temui', 'xi', 'jinping', 'tertutup']",presiden jokowi china besok sore temu xi jinping tutup,0
kpas-plaastro gelar pameran tunggal 'the silence of khotbah',"['kpas', '-', 'plaastro', 'gelar', 'pameran', 'tunggal', ""'"", 'the', 'silence', 'of', 'khotbah', ""'""]","['kpas', '-', 'plaastro', 'gelar', 'pameran', 'tunggal', ""'"", 'the', 'silence', 'of', 'khotbah', ""'""]",kpas - plaastro gelar pamer tunggal  the silence of khotbah ,0
langsung jatuh cinta pada kosumon moeldoko saya jagonya ngopi ini very special,"['langsung', 'jatuh', 'cinta', 'pada', 'kosumon', 'moeldoko', 'saya', 'jagonya', 'ngopi', 'ini', 'very', 'special']","['langsung', 'jatuh', 'cinta', 'kosumon', 'moeldoko', 'jagonya', 'ngopi', 'very', 'special']",langsung jatuh cinta kosumon moeldoko jago ngopi very special,1
gandeng pemerintah daerah tokopedia dorong implementasi digitalisasi pasar rakyat,"['gandeng', 'pemerintah', 'daerah', 'tokopedia', 'dorong', 'implementasi', 'digitalisasi', 'pasar', 'rakyat']","['gandeng', 'pemerintah', 'daerah', 'tokopedia', 'dorong', 'implementasi', 'digitalisasi', 'pasar', 'rakyat']",gandeng perintah daerah tokopedia dorong implementasi digitalisasi pasar rakyat,1
viral petarung ufc sampaikan hal menyedihkan usai menang tarung temannya bunuh diri jelang tanding,"['viral', 'petarung', 'ufc', 'sampaikan', 'hal', 'menyedihkan', 'usai', 'menang', 'tarung', 'temannya', 'bunuh', 'diri', 'jelang', 'tanding']","['viral', 'petarung', 'ufc', 'menyedihkan', 'menang', 'tarung', 'temannya', 'bunuh', 'jelang', 'tanding']",viral tarung ufc sedih menang tarung teman bunuh jelang tanding,2
viral seorang pria tergeletak di jalanan yogyakarta polda diy cek kemungkinan korban jiwa ke rs,"['viral', 'seorang', 'pria', 'tergeletak', 'di', 'jalanan', 'yogyakarta', 'polda', 'diy', 'cek', 'kemungkinan', 'korban', 'jiwa', 'ke', 'rs']","['viral', 'pria', 'tergeletak', 'jalanan', 'yogyakarta', 'polda', 'diy', 'cek', 'korban', 'jiwa', 'rs']",viral pria geletak jalan yogyakarta polda diy cek korban jiwa rs,2
ade yasin optimis eksepsi diterima hakim dakwaan tak sesuai dengan alasan kpk melakukan penangkapan,"['ade', 'yasin', 'optimis', 'eksepsi', 'diterima', 'hakim', 'dakwaan', 'tak', 'sesuai', 'dengan', 'alasan', 'kpk', 'melakukan', 'penangkapan']","['ade', 'yasin', 'optimis', 'eksepsi', 'diterima', 'hakim', 'dakwaan', 'sesuai', 'alasan', 'kpk', 'penangkapan']",ade yasin optimis eksepsi terima hakim dakwa sesuai alas kpk tangkap,0
empat pelaku spesialis pencurian mobil pick up diringkus polresta bandung,"['empat', 'pelaku', 'spesialis', 'pencurian', 'mobil', 'pick', 'up', 'diringkus', 'polresta', 'bandung']","['pelaku', 'spesialis', 'pencurian', 'mobil', 'pick', 'up', 'diringkus', 'polresta']",laku spesialis curi mobil pick up ringkus polresta,2
waspada siang dan malam hari jabar diguyur hujan prakiraan cuaca wilayah jawa barat senin 25 juli 2022,"['waspada', 'siang', 'dan', 'malam', 'hari', 'jabar', 'diguyur', 'hujan', 'prakiraan', 'cuaca', 'wilayah', 'jawa', 'barat', 'senin', '25', 'juli', '2022']","['waspada', 'siang', 'malam', 'jabar', 'diguyur', 'hujan', 'prakiraan', 'cuaca', 'wilayah', 'jawa', 'barat', 'senin', '25', 'juli', '2022']",waspada siang malam jabar guyur hujan prakira cuaca wilayah jawa barat senin 25 juli 2022,2
buka latsar cpns sekda jabar tekankan integritas,"['buka', 'latsar', 'cpns', 'sekda', 'jabar', 'tekankan', 'integritas']","['buka', 'latsar', 'cpns', 'sekda', 'jabar', 'tekankan', 'integritas']",buka latsar cpns sekda jabar tekan integritas,0
panglima tni utus dokter forensik tni lakukan autopsi brigadir j kalau mau tambah juga boleh,"['panglima', 'tni', 'utus', 'dokter', 'forensik', 'tni', 'lakukan', 'autopsi', 'brigadir', 'j', 'kalau', 'mau', 'tambah', 'juga', 'boleh']","['panglima', 'tni', 'utus', 'dokter', 'forensik', 'tni', 'lakukan', 'autopsi', 'brigadir', 'j']",panglima tni utus dokter forensik tni laku autopsi brigadir j,0
pad retribusi parkir minim ini yang akan dilakukan bapenda kbb,"['pad', 'retribusi', 'parkir', 'minim', 'ini', 'yang', 'akan', 'dilakukan', 'bapenda', 'kbb']","['pad', 'retribusi', 'parkir', 'minim', 'bapenda', 'kbb']",pad retribusi parkir minim bapenda kbb,0
pesan menohok ridwan kamil ke baim wong soal citayam fashion week anda dan istri sudah hebat tapi,"['pesan', 'menohok', 'ridwan', 'kamil', 'ke', 'baim', 'wong', 'soal', 'citayam', 'fashion', 'week', 'anda', 'dan', 'istri', 'sudah', 'hebat', 'tapi']","['pesan', 'menohok', 'ridwan', 'kamil', 'baim', 'citayam', 'fashion', 'week', 'istri', 'hebat']",pesan tohok ridwan kamil baim citayam fashion week istri hebat,2
berusaha pulihkan cedera febri hariyadi disemangati mario jardel semangat bang bow,"['berusaha', 'pulihkan', 'cedera', 'febri', 'hariyadi', 'disemangati', 'mario', 'jardel', 'semangat', 'bang', 'bow']","['berusaha', 'pulihkan', 'cedera', 'febri', 'hariyadi', 'disemangati', 'mario', 'jardel', 'semangat', 'bang', 'bow']",usaha pulih cedera febri hariyadi semangat mario jardel semangat bang bow,1
pemilik tim football menangkan lelang sabuk juara tinju muhammad ali ini harganya,"['pemilik', 'tim', 'football', 'menangkan', 'lelang', 'sabuk', 'juara', 'tinju', 'muhammad', 'ali', 'ini', 'harganya']","['pemilik', 'tim', 'football', 'menangkan', 'lelang', 'sabuk', 'juara', 'tinju', 'muhammad', 'ali', 'harganya']",milik tim football menang lelang sabuk juara tinju muhammad ali harga,1
tersangka kasus subang bertambah jadi 11 orang perannya diungkap polda jabar,"['tersangka', 'kasus', 'subang', 'bertambah', 'jadi', '11', 'orang', 'perannya', 'diungkap', 'polda', 'jabar']","['tersangka', 'bertambah', '11', 'orang', 'perannya', 'diungkap', 'polda', 'jabar']",sangka tambah 11 orang peran ungkap polda jabar,2
kasus anak tewas akibat perundungan di tasikmalaya 3 orang jadi tersangka,"['kasus', 'anak', 'tewas', 'akibat', 'perundungan', 'di', 'tasikmalaya', '3', 'orang', 'jadi', 'tersangka']","['anak', 'tewas', 'akibat', 'perundungan', 'tasikmalaya', '3', 'orang', 'tersangka']",anak tewas akibat rundung tasikmalaya 3 orang sangka,2
cinta setelah cinta 25 juli 2022 tayang di sctv pukul 1930 simak sinopsis berikut link streaming,"['cinta', 'setelah', 'cinta', '25', 'juli', '2022', 'tayang', 'di', 'sctv', 'pukul', '1930', 'simak', 'sinopsis', 'berikut', 'link', 'streaming']","['cinta', 'cinta', '25', 'juli', '2022', 'tayang', 'sctv', '1930', 'simak', 'sinopsis', 'link', 'streaming']",cinta cinta 25 juli 2022 tayang sctv 1930 simak sinopsis link streaming,0
ada 16000 kasus cacar monyet di 75 negara who minta kawasan asia tenggara perkuat pengawasan,"['ada', '16000', 'kasus', 'cacar', 'monyet', 'di', '75', 'negara', 'who', 'minta', 'kawasan', 'asia', 'tenggara', 'perkuat', 'pengawasan']","['16000', 'cacar', 'monyet', '75', 'negara', 'who', 'kawasan', 'asia', 'tenggara', 'perkuat', 'pengawasan']",16000 cacar monyet 75 negara who kawasan asia tenggara kuat awas,2
inilah yang harus hindari warga binaan lapas sumedang,"['inilah', 'yang', 'harus', 'hindari', 'warga', 'binaan', 'lapas', 'sumedang']","['hindari', 'warga', 'binaan', 'lapas', 'sumedang']",hindar warga bina lapas sumedang,2
cfw didaftarkan paten ini komentar sandiaga uno anak-anak scbd jangan ada yang terzalimi harus transparan,"['cfw', 'didaftarkan', 'paten', 'ini', 'komentar', 'sandiaga', 'uno', 'anak', '-', 'anak', 'scbd', 'jangan', 'ada', 'yang', 'terzalimi', 'harus', 'transparan']","['cfw', 'didaftarkan', 'paten', 'komentar', 'sandiaga', 'uno', 'anak', '-', 'anak', 'scbd', 'terzalimi', 'transparan']",cfw daftar paten komentar sandiaga uno anak - anak scbd zalim transparan,1
ceu popong dan salim segaf dorong kolaborasi untuk selesaikan masalah kebangsaan,"['ceu', 'popong', 'dan', 'salim', 'segaf', 'dorong', 'kolaborasi', 'untuk', 'selesaikan', 'masalah', 'kebangsaan']","['ceu', 'popong', 'salim', 'segaf', 'dorong', 'kolaborasi', 'selesaikan', 'kebangsaan']",ceu popong salim segaf dorong kolaborasi selesai bangsa,1
link streaming cinta setelah cinta 25 juli 2022 starla pergoki niko dan ayu rencana ben bakal lancar,"['link', 'streaming', 'cinta', 'setelah', 'cinta', '25', 'juli', '2022', 'starla', 'pergoki', 'niko', 'dan', 'ayu', 'rencana', 'ben', 'bakal', 'lancar']","['link', 'streaming', 'cinta', 'cinta', '25', 'juli', '2022', 'starla', 'pergoki', 'niko', 'ayu', 'rencana', 'ben', 'lancar']",link streaming cinta cinta 25 juli 2022 starla pergok niko ayu rencana ben lancar,0
waspada sejumlah kota besar diguyur hujan prakirakan cuaca hari ini selasa 26 juli 2022,"['waspada', 'sejumlah', 'kota', 'besar', 'diguyur', 'hujan', 'prakirakan', 'cuaca', 'hari', 'ini', 'selasa', '26', 'juli', '2022']","['waspada', 'kota', 'diguyur', 'hujan', 'prakirakan', 'cuaca', 'selasa', '26', 'juli', '2022']",waspada kota guyur hujan prakira cuaca selasa 26 juli 2022,0
populasi 'yaki' di sulteng turun drastis tinggal menyisakan 1000 ekor,"['populasi', ""'"", 'yaki', ""'"", 'di', 'sulteng', 'turun', 'drastis', 'tinggal', 'menyisakan', '1000', 'ekor']","['populasi', ""'"", 'yaki', ""'"", 'sulteng', 'turun', 'drastis', 'tinggal', 'menyisakan', '1000', 'ekor']",populasi  yaki  sulteng turun drastis tinggal sisa 1000 ekor,2
psis semarang rekrut pelatih kiper asal inggris rory grand,"['psis', 'semarang', 'rekrut', 'pelatih', 'kiper', 'asal', 'inggris', 'rory', 'grand']","['psis', 'semarang', 'rekrut', 'pelatih', 'kiper', 'inggris', 'rory', 'grand']",psis semarang rekrut latih kiper inggris rory grand,1
covid-19 di kbb sempat menembus 101 kasus warga mulai bergairah vaksin booster,"['covid', '-', '19', 'di', 'kbb', 'sempat', 'menembus', '101', 'kasus', 'warga', 'mulai', 'bergairah', 'vaksin', 'booster']","['covid', '-', '19', 'kbb', 'menembus', '101', 'warga', 'bergairah', 'vaksin', 'booster']",covid - 19 kbb tembus 101 warga gairah vaksin booster,0
bareskrim polri tetapkan 4 tersangka kasus act,"['bareskrim', 'polri', 'tetapkan', '4', 'tersangka', 'kasus', 'act']","['bareskrim', 'polri', 'tetapkan', '4', 'tersangka', 'act']",bareskrim polri tetap 4 sangka act,2
cinta setelah cinta 26 juli 2022 niko ngamuk kepada ayu arya dan ben berebut perhatian starla,"['cinta', 'setelah', 'cinta', '26', 'juli', '2022', 'niko', 'ngamuk', 'kepada', 'ayu', 'arya', 'dan', 'ben', 'berebut', 'perhatian', 'starla']","['cinta', 'cinta', '26', 'juli', '2022', 'niko', 'ngamuk', 'ayu', 'arya', 'ben', 'berebut', 'perhatian', 'starla']",cinta cinta 26 juli 2022 niko ngamuk ayu arya ben rebut perhati starla,0
prakiraan cuaca di kota-kota besar di indonesia bandung hujan ringan,"['prakiraan', 'cuaca', 'di', 'kota', '-', 'kota', 'besar', 'di', 'indonesia', 'bandung', 'hujan', 'ringan']","['prakiraan', 'cuaca', 'kota', '-', 'kota', 'indonesia', 'hujan', 'ringan']",prakira cuaca kota - kota indonesia hujan ringan,0
persis solo menyerah 2-3 dari dewa united di liga 1,"['persis', 'solo', 'menyerah', '2', '-', '3', 'dari', 'dewa', 'united', 'di', 'liga', '1']","['persis', 'solo', 'menyerah', '2', '-', '3', 'dewa', 'united', 'liga', '1']",persis solo serah 2 - 3 dewa united liga 1,2
ucapkan good bye pada pertalite dan solar bagi pemilik mobil dengan kapasitas 2000 cc ke atas,"['ucapkan', 'good', 'bye', 'pada', 'pertalite', 'dan', 'solar', 'bagi', 'pemilik', 'mobil', 'dengan', 'kapasitas', '2000', 'cc', 'ke', 'atas']","['ucapkan', 'good', 'bye', 'pertalite', 'solar', 'pemilik', 'mobil', 'kapasitas', '2000', 'cc']",ucap good bye pertalite solar milik mobil kapasitas 2000 cc,2
bantu renovasi rumah warga yang hampir roboh ridwan kamil tugas pemimpin memudahkan urusan rakyat,"['bantu', 'renovasi', 'rumah', 'warga', 'yang', 'hampir', 'roboh', 'ridwan', 'kamil', 'tugas', 'pemimpin', 'memudahkan', 'urusan', 'rakyat']","['bantu', 'renovasi', 'rumah', 'warga', 'roboh', 'ridwan', 'kamil', 'tugas', 'pemimpin', 'memudahkan', 'urusan', 'rakyat']",bantu renovasi rumah warga roboh ridwan kamil tugas pimpin mudah urus rakyat,1
persita siap ladeni persik kediri vera butuh start yang bagus,"['persita', 'siap', 'ladeni', 'persik', 'kediri', 'vera', 'butuh', 'start', 'yang', 'bagus']","['persita', 'ladeni', 'persik', 'kediri', 'vera', 'butuh', 'start', 'bagus']",sita laden persik diri vera butuh start bagus,1
identitas 11 tersangka kasus subang diungkap polisi ada yang berperan sebagai pemodal,"['identitas', '11', 'tersangka', 'kasus', 'subang', 'diungkap', 'polisi', 'ada', 'yang', 'berperan', 'sebagai', 'pemodal']","['identitas', '11', 'tersangka', 'diungkap', 'polisi', 'berperan', 'pemodal']",identitas 11 sangka ungkap polisi peran modal,2
kita punya seribu alasan untuk bahagia dengan melepas beban emosi,"['kita', 'punya', 'seribu', 'alasan', 'untuk', 'bahagia', 'dengan', 'melepas', 'beban', 'emosi']","['seribu', 'alasan', 'bahagia', 'melepas', 'beban', 'emosi']",ribu alas bahagia lepas beban emosi,1
tol cipali kembali memakan korban jiwa 2 tewas akibat tabrakan,"['tol', 'cipali', 'kembali', 'memakan', 'korban', 'jiwa', '2', 'tewas', 'akibat', 'tabrakan']","['tol', 'cipali', 'memakan', 'korban', 'jiwa', '2', 'tewas', 'akibat', 'tabrakan']",tol cipali makan korban jiwa 2 tewas akibat tabrak,2
kunker ke babel kepala bpip yudian wahyudi ajak santri dan dosen jaga dan perkokoh pancasila,"['kunker', 'ke', 'babel', 'kepala', 'bpip', 'yudian', 'wahyudi', 'ajak', 'santri', 'dan', 'dosen', 'jaga', 'dan', 'perkokoh', 'pancasila']","['kunker', 'babel', 'kepala', 'bpip', 'yudian', 'wahyudi', 'ajak', 'santri', 'dosen', 'jaga', 'perkokoh', 'pancasila']",kunker babel kepala bpip yudian wahyudi ajak santri dosen jaga kokoh pancasila,1
demi menambah daya juang 7 pemain persija sampai ganti nomor punggung,"['demi', 'menambah', 'daya', 'juang', '7', 'pemain', 'persija', 'sampai', 'ganti', 'nomor', 'punggung']","['menambah', 'daya', 'juang', '7', 'pemain', 'persija', 'ganti', 'nomor', 'punggung']",tambah daya juang 7 main persija ganti nomor punggung,1
innalillahi wainailaihi rojiun wakil ketua dprd kota bandung ade supriadi meninggal dunia,"['innalillahi', 'wainailaihi', 'rojiun', 'wakil', 'ketua', 'dprd', 'kota', 'bandung', 'ade', 'supriadi', 'meninggal', 'dunia']","['innalillahi', 'wainailaihi', 'rojiun', 'wakil', 'ketua', 'dprd', 'kota', 'ade', 'supriadi', 'meninggal', 'dunia']",innalillahi wainailaihi rojiun wakil ketua dprd kota ade supriadi tinggal dunia,2
gratis link live streaming psg vs gamba osaka 25 juli 2022 pukul 1700 wib sekarang,"['gratis', 'link', 'live', 'streaming', 'psg', 'vs', 'gamba', 'osaka', '25', 'juli', '2022', 'pukul', '1700', 'wib', 'sekarang']","['gratis', 'link', 'live', 'streaming', 'psg', 'vs', 'gamba', 'osaka', '25', 'juli', '2022', '1700', 'wib']",gratis link live streaming psg vs gamba osaka 25 juli 2022 1700 wib,0
yogyakarta rusuh batu berterbangan di sejumlah sudut kota driver ojek online diburu massa,"['yogyakarta', 'rusuh', 'batu', 'berterbangan', 'di', 'sejumlah', 'sudut', 'kota', 'driver', 'ojek', 'online', 'diburu', 'massa']","['yogyakarta', 'rusuh', 'batu', 'berterbangan', 'sudut', 'kota', 'driver', 'ojek', 'online', 'diburu', 'massa']",yogyakarta rusuh batu bangan sudut kota driver ojek online buru massa,2
keputusan pemerintah naikkan harga gas elpiji non subsidi dinilai kurang tepat ini kata politisi pks,"['keputusan', 'pemerintah', 'naikkan', 'harga', 'gas', 'elpiji', 'non', 'subsidi', 'dinilai', 'kurang', 'tepat', 'ini', 'kata', 'politisi', 'pks']","['keputusan', 'pemerintah', 'naikkan', 'harga', 'gas', 'elpiji', 'non', 'subsidi', 'dinilai', 'politisi', 'pks']",putus perintah naik harga gas elpiji non subsidi nilai politis pks,2
anggunnya dian sastro pakai kebaya lagi-lagi bikin penggemar meleleh,"['anggunnya', 'dian', 'sastro', 'pakai', 'kebaya', 'lagi', '-', 'lagi', 'bikin', 'penggemar', 'meleleh']","['anggunnya', 'dian', 'sastro', 'pakai', 'kebaya', '-', 'bikin', 'penggemar', 'meleleh']",anggun dian sastro pakai kebaya - bikin gemar leleh,1
dankoharmatau ikuti ziarah di tmpnu kalibata jelang hari bakti tni au ke 75,"['dankoharmatau', 'ikuti', 'ziarah', 'di', 'tmpnu', 'kalibata', 'jelang', 'hari', 'bakti', 'tni', 'au', 'ke', '75']","['dankoharmatau', 'ikuti', 'ziarah', 'tmpnu', 'kalibata', 'jelang', 'bakti', 'tni', 'au', '75']",dankoharmatau ikut ziarah tmpnu kalibata jelang bakti tni au 75,1
sporting lisbon vs sevilla mulai berlangsung pukul 0145 wib,"['sporting', 'lisbon', 'vs', 'sevilla', 'mulai', 'berlangsung', 'pukul', '0145', 'wib']","['sporting', 'lisbon', 'vs', 'sevilla', '0145', 'wib']",sporting lisbon vs sevilla 0145 wib,0
kcic siapkan sdm operasional kcjb,"['kcic', 'siapkan', 'sdm', 'operasional', 'kcjb']","['kcic', 'siapkan', 'sdm', 'operasional', 'kcjb']",kcic siap sdm operasional kcjb,0
terkait kasus kematian brigadir j komnas ham periksa 7 ajudan irjen ferdy sambo 2 tak penuhi panggilan,"['terkait', 'kasus', 'kematian', 'brigadir', 'j', 'komnas', 'ham', 'periksa', '7', 'ajudan', 'irjen', 'ferdy', 'sambo', '2', 'tak', 'penuhi', 'panggilan']","['terkait', 'kematian', 'brigadir', 'j', 'komnas', 'ham', 'periksa', '7', 'ajudan', 'irjen', 'ferdy', 'sambo', '2', 'penuhi', 'panggilan']",kait mati brigadir j komnas ham periksa 7 ajudan irjen ferdy sambo 2 penuh panggil,2
pengacara ade yasin dakwaan jaksa kpk cuma mirip isi buku,"['pengacara', 'ade', 'yasin', 'dakwaan', 'jaksa', 'kpk', 'cuma', 'mirip', 'isi', 'buku']","['pengacara', 'ade', 'yasin', 'dakwaan', 'jaksa', 'kpk', 'isi', 'buku']",acara ade yasin dakwa jaksa kpk isi buku,2
ridwan kamil cek progres dua bendungan kering proyek nasional pengendali banjir,"['ridwan', 'kamil', 'cek', 'progres', 'dua', 'bendungan', 'kering', 'proyek', 'nasional', 'pengendali', 'banjir']","['ridwan', 'kamil', 'cek', 'progres', 'bendungan', 'kering', 'proyek', 'nasional', 'pengendali', 'banjir']",ridwan kamil cek progres bendung kering proyek nasional kendali banjir,1
tinggi letusan gunung anak krakatau mencapai 157 meter nelayan dan wisatawan dilarang mendekat,"['tinggi', 'letusan', 'gunung', 'anak', 'krakatau', 'mencapai', '157', 'meter', 'nelayan', 'dan', 'wisatawan', 'dilarang', 'mendekat']","['letusan', 'gunung', 'anak', 'krakatau', 'mencapai', '157', 'meter', 'nelayan', 'wisatawan', 'dilarang', 'mendekat']",letus gunung anak krakatau capai 157 meter nelayan wisatawan larang dekat,2
brigita manohara dicecar 17 pertanyaan penyidik kpk,"['brigita', 'manohara', 'dicecar', '17', 'pertanyaan', 'penyidik', 'kpk']","['brigita', 'manohara', 'dicecar', '17', 'penyidik', 'kpk']",brigita manohara cecar 17 sidik kpk,2
rincian harga emas pegadaian hari ini 26 juli 2022 antam turun ubs naik mulai dari rp 505000,"['rincian', 'harga', 'emas', 'pegadaian', 'hari', 'ini', '26', 'juli', '2022', 'antam', 'turun', 'ubs', 'naik', 'mulai', 'dari', 'rp', '505000']","['rincian', 'harga', 'emas', 'pegadaian', '26', 'juli', '2022', 'antam', 'turun', 'ubs', 'rp', '505000']",rincian harga emas gadai 26 juli 2022 antam turun ubs rp 505000,0
link live streaming persikabo vs persebaya surabaya aji santoso nyatakan siap tempur,"['link', 'live', 'streaming', 'persikabo', 'vs', 'persebaya', 'surabaya', 'aji', 'santoso', 'nyatakan', 'siap', 'tempur']","['link', 'live', 'streaming', 'persikabo', 'vs', 'persebaya', 'surabaya', 'aji', 'santoso', 'nyatakan', 'tempur']",link live streaming persikabo vs baya surabaya aji santoso nyata tempur,0
heboh roberto firmino hengkang ke juventus liverpool muluskan jalan kepergian sang striker,"['heboh', 'roberto', 'firmino', 'hengkang', 'ke', 'juventus', 'liverpool', 'muluskan', 'jalan', 'kepergian', 'sang', 'striker']","['heboh', 'roberto', 'firmino', 'hengkang', 'juventus', 'liverpool', 'muluskan', 'jalan', 'kepergian', 'sang', 'striker']",heboh roberto firmino hengkang juventus liverpool mulus jalan pergi sang striker,0
bnn tembak bandar sabu-sabu bersenjata api,"['bnn', 'tembak', 'bandar', 'sabu', '-', 'sabu', 'bersenjata', 'api']","['bnn', 'tembak', 'bandar', 'sabu', '-', 'sabu', 'bersenjata', 'api']",bnn tembak bandar sabu - sabu senjata api,2
jaring capres-cawapres 2024 relawan jokowi bakal gelar musyawarah rakyat di 34 provinsi,"['jaring', 'capres', '-', 'cawapres', '2024', 'relawan', 'jokowi', 'bakal', 'gelar', 'musyawarah', 'rakyat', 'di', '34', 'provinsi']","['jaring', 'capres', '-', 'cawapres', '2024', 'relawan', 'jokowi', 'gelar', 'musyawarah', 'rakyat', '34', 'provinsi']",jaring capres - cawapres 2024 rawan jokowi gelar musyawarah rakyat 34 provinsi,1
viral seorang pria tergeletak di jalanan yogyakarta suporter persis solo bentrok dengan warga,"['viral', 'seorang', 'pria', 'tergeletak', 'di', 'jalanan', 'yogyakarta', 'suporter', 'persis', 'solo', 'bentrok', 'dengan', 'warga']","['viral', 'pria', 'tergeletak', 'jalanan', 'yogyakarta', 'suporter', 'persis', 'solo', 'bentrok', 'warga']",viral pria geletak jalan yogyakarta suporter persis solo bentrok warga,2
link live streaming psg vs gamba osaka di jepang nonton gratis klik hanya di sini,"['link', 'live', 'streaming', 'psg', 'vs', 'gamba', 'osaka', 'di', 'jepang', 'nonton', 'gratis', 'klik', 'hanya', 'di', 'sini']","['link', 'live', 'streaming', 'psg', 'vs', 'gamba', 'osaka', 'jepang', 'nonton', 'gratis', 'klik']",link live streaming psg vs gamba osaka jepang nonton gratis klik,0
bocoran harga iphone 14 series yang terjangkau lengkap dengan spesifikasi dan tanggal rilis,"['bocoran', 'harga', 'iphone', '14', 'series', 'yang', 'terjangkau', 'lengkap', 'dengan', 'spesifikasi', 'dan', 'tanggal', 'rilis']","['bocoran', 'harga', 'iphone', '14', 'series', 'terjangkau', 'lengkap', 'spesifikasi', 'tanggal', 'rilis']",bocor harga iphone 14 series jangkau lengkap spesifikasi tanggal rilis,0
pendaftaran haki citayam fashion week tak diperlukan pengamat keuntungannya tak sebanding dengan acaranya,"['pendaftaran', 'haki', 'citayam', 'fashion', 'week', 'tak', 'diperlukan', 'pengamat', 'keuntungannya', 'tak', 'sebanding', 'dengan', 'acaranya']","['pendaftaran', 'haki', 'citayam', 'fashion', 'week', 'pengamat', 'keuntungannya', 'sebanding', 'acaranya']",daftar hak citayam fashion week amat untung banding acara,0
brigadir j terekam cctv saat beraktivitas di rumah irjen pol ferdy sambo sesaat sebelum tewas tertembak,"['brigadir', 'j', 'terekam', 'cctv', 'saat', 'beraktivitas', 'di', 'rumah', 'irjen', 'pol', 'ferdy', 'sambo', 'sesaat', 'sebelum', 'tewas', 'tertembak']","['brigadir', 'j', 'terekam', 'cctv', 'beraktivitas', 'rumah', 'irjen', 'pol', 'ferdy', 'sambo', 'tewas', 'tertembak']",brigadir j rekam cctv aktivitas rumah irjen pol ferdy sambo tewas tembak,2
harga emas pegadaian hari ini 25 juli 2022 antam dan ubs stabil setelah alami kenaikan,"['harga', 'emas', 'pegadaian', 'hari', 'ini', '25', 'juli', '2022', 'antam', 'dan', 'ubs', 'stabil', 'setelah', 'alami', 'kenaikan']","['harga', 'emas', 'pegadaian', '25', 'juli', '2022', 'antam', 'ubs', 'stabil', 'alami', 'kenaikan']",harga emas gadai 25 juli 2022 antam ubs stabil alami naik,1
energize 2 infrastruktur ketenagalistrikan dinilai berhasil sistem elektrifikasi jawa barat semakin andal,"['energize', '2', 'infrastruktur', 'ketenagalistrikan', 'dinilai', 'berhasil', 'sistem', 'elektrifikasi', 'jawa', 'barat', 'semakin', 'andal']","['energize', '2', 'infrastruktur', 'ketenagalistrikan', 'dinilai', 'berhasil', 'sistem', 'elektrifikasi', 'jawa', 'barat', 'andal']",energize 2 infrastruktur ketenagalistrikan nilai hasil sistem elektrifikasi jawa barat andal,1
waspada sulit air bersih saat kemarau basah di kota bandung,"['waspada', 'sulit', 'air', 'bersih', 'saat', 'kemarau', 'basah', 'di', 'kota', 'bandung']","['waspada', 'sulit', 'air', 'bersih', 'kemarau', 'basah', 'kota']",waspada sulit air bersih kemarau basah kota,2
manfaatkan program pemutihan pajak kendaraan hingga 31 agustus 2022,"['manfaatkan', 'program', 'pemutihan', 'pajak', 'kendaraan', 'hingga', '31', 'agustus', '2022']","['manfaatkan', 'program', 'pemutihan', 'pajak', 'kendaraan', '31', 'agustus', '2022']",manfaat program mutih pajak kendara 31 agustus 2022,1
tedy rusmawan harapkan inovasi dishub soal penanganan kemacetan,"['tedy', 'rusmawan', 'harapkan', 'inovasi', 'dishub', 'soal', 'penanganan', 'kemacetan']","['tedy', 'rusmawan', 'harapkan', 'inovasi', 'dishub', 'penanganan', 'kemacetan']",tedy rusmawan harap inovasi dishub tangan macet,1
rugikan negara gudang gas oplosan di patokbeusi subang digerebek dit reskrimsus polda jabar,"['rugikan', 'negara', 'gudang', 'gas', 'oplosan', 'di', 'patokbeusi', 'subang', 'digerebek', 'dit', 'reskrimsus', 'polda', 'jabar']","['rugikan', 'negara', 'gudang', 'gas', 'oplosan', 'patokbeusi', 'digerebek', 'dit', 'reskrimsus', 'polda', 'jabar']",rugi negara gudang gas oplos patokbeusi gerebek dit reskrimsus polda jabar,2
pemkot bandung kucurkan dana uhc rp240 miliar per tahun,"['pemkot', 'bandung', 'kucurkan', 'dana', 'uhc', 'rp240', 'miliar', 'per', 'tahun']","['pemkot', 'kucurkan', 'dana', 'uhc', 'rp240', 'miliar']",pemkot kucur dana uhc rp240 miliar,1
ikwi jabar miliki gedung baru,"['ikwi', 'jabar', 'miliki', 'gedung', 'baru']","['ikwi', 'jabar', 'miliki', 'gedung']",ikwi jabar milik gedung,1
ketua dprd dorong pemberlakuan ganjil-genap di kota bandung,"['ketua', 'dprd', 'dorong', 'pemberlakuan', 'ganjil', '-', 'genap', 'di', 'kota', 'bandung']","['ketua', 'dprd', 'dorong', 'pemberlakuan', 'ganjil', '-', 'genap', 'kota']",ketua dprd dorong laku ganjil - genap kota,0
pemkot bandung anggarkan rp 58 triliun terbesar program kesehatan dan pendidikan,"['pemkot', 'bandung', 'anggarkan', 'rp', '58', 'triliun', 'terbesar', 'program', 'kesehatan', 'dan', 'pendidikan']","['pemkot', 'anggarkan', 'rp', '58', 'triliun', 'terbesar', 'program', 'kesehatan', 'pendidikan']",pemkot anggar rp 58 triliun besar program sehat didik,1
serunya pameran inovasi otomotif di kiara artha park datang yuk,"['serunya', 'pameran', 'inovasi', 'otomotif', 'di', 'kiara', 'artha', 'park', 'datang', 'yuk']","['serunya', 'pameran', 'inovasi', 'otomotif', 'kiara', 'artha', 'park', 'yuk']",seru pamer inovasi otomotif kiara artha park yuk,1
wakil ketua dprd kota bandung ade supriadi wafat yana berduka,"['wakil', 'ketua', 'dprd', 'kota', 'bandung', 'ade', 'supriadi', 'wafat', 'yana', 'berduka']","['wakil', 'ketua', 'dprd', 'kota', 'ade', 'supriadi', 'wafat', 'yana', 'berduka']",wakil ketua dprd kota ade supriadi wafat yana duka,0
sapi dari jateng dilarang masuk jatim,"['sapi', 'dari', 'jateng', 'dilarang', 'masuk', 'jatim']","['sapi', 'jateng', 'dilarang', 'masuk', 'jatim']",sapi jateng larang masuk jatim,2
dunia sedang tidak baik-baik saja niko rinaldo ajak pemuda gotongroyong aksi nyata dalam dialog muda jawa barat,"['dunia', 'sedang', 'tidak', 'baik', '-', 'baik', 'saja', 'niko', 'rinaldo', 'ajak', 'pemuda', 'gotongroyong', 'aksi', 'nyata', 'dalam', 'dialog', 'muda', 'jawa', 'barat']","['dunia', '-', 'niko', 'rinaldo', 'ajak', 'pemuda', 'gotongroyong', 'aksi', 'nyata', 'dialog', 'muda', 'jawa', 'barat']",dunia - niko rinaldo ajak pemuda gotongroyong aksi nyata dialog muda jawa barat,1
tak mengendur polsek pamanukan terus gencarkan vaksinasi booster dengan doorprize minyak goreng,"['tak', 'mengendur', 'polsek', 'pamanukan', 'terus', 'gencarkan', 'vaksinasi', 'booster', 'dengan', 'doorprize', 'minyak', 'goreng']","['mengendur', 'polsek', 'pamanukan', 'gencarkan', 'vaksinasi', 'booster', 'doorprize', 'minyak', 'goreng']",kendur polsek pamanukan gencar vaksinasi booster doorprize minyak goreng,1
pembagian daging qurban sebaiknya pakai plastik,"['pembagian', 'daging', 'qurban', 'sebaiknya', 'pakai', 'plastik']","['pembagian', 'daging', 'qurban', 'pakai', 'plastik']",bagi daging qurban pakai plastik,0
ciptakan suasana baru kepsek sdn pamanukan 1 buat slogan inspiratif,"['ciptakan', 'suasana', 'baru', 'kepsek', 'sdn', 'pamanukan', '1', 'buat', 'slogan', 'inspiratif']","['ciptakan', 'suasana', 'kepsek', 'sdn', 'pamanukan', '1', 'slogan', 'inspiratif']",cipta suasana kepsek sdn pamanukan 1 slogan inspiratif,1
pemkot bandung serius garap bpjs ketenagakerjaan bagi non-asn,"['pemkot', 'bandung', 'serius', 'garap', 'bpjs', 'ketenagakerjaan', 'bagi', 'non', '-', 'asn']","['pemkot', 'serius', 'garap', 'bpjs', 'ketenagakerjaan', 'non', '-', 'asn']",pemkot serius garap bpjs ketenagakerjaan non - asn,1
tim pencak silat bertema kota bandung raih medali emas fornas vi palembang,"['tim', 'pencak', 'silat', 'bertema', 'kota', 'bandung', 'raih', 'medali', 'emas', 'fornas', 'vi', 'palembang']","['tim', 'pencak', 'silat', 'bertema', 'kota', 'raih', 'medali', 'emas', 'fornas', 'vi', 'palembang']",tim pencak silat tema kota raih medali emas fornas vi palembang,1
innalillahi dua warung di pusakanagara subang ludes terbakar,"['innalillahi', 'dua', 'warung', 'di', 'pusakanagara', 'subang', 'ludes', 'terbakar']","['innalillahi', 'warung', 'pusakanagara', 'ludes', 'terbakar']",innalillahi warung pusakanagara ludes bakar,2
begini cara pengolahan sampah di rw 12 maleer kota bandung,"['begini', 'cara', 'pengolahan', 'sampah', 'di', 'rw', '12', 'maleer', 'kota', 'bandung']","['pengolahan', 'sampah', 'rw', '12', 'maleer', 'kota']",olah sampah rw 12 maleer kota,0
target dosis iii akhir agustus 50 persen,"['target', 'dosis', 'iii', 'akhir', 'agustus', '50', 'persen']","['target', 'dosis', 'iii', 'agustus', '50', 'persen']",target dosis iii agustus 50 persen,1
lsm ramai-ramai laporkan pt sag lpksm  warga jangan dijadikan tumbal,"['lsm', 'ramai', '-', 'ramai', 'laporkan', 'pt', 'sag', 'lpksm', 'warga', 'jangan', 'dijadikan', 'tumbal']","['lsm', 'ramai', '-', 'ramai', 'laporkan', 'pt', 'sag', 'lpksm', 'warga', 'dijadikan', 'tumbal']",lsm ramai - ramai lapor pt sag lpksm warga jadi tumbal,2
tak ada beaya pengurusan skkh sapi,"['tak', 'ada', 'beaya', 'pengurusan', 'skkh', 'sapi']","['beaya', 'pengurusan', 'skkh', 'sapi']",beaya urus skkh sapi,2
virus pmk akan mati dalam rebusan mendidih 30 menit,"['virus', 'pmk', 'akan', 'mati', 'dalam', 'rebusan', 'mendidih', '30', 'menit']","['virus', 'pmk', 'mati', 'rebusan', 'mendidih', '30', 'menit']",virus pmk mati rebus didih 30 menit,1
brigjen tni ruddy prasemilsa mahks jabat kabinda jabar,"['brigjen', 'tni', 'ruddy', 'prasemilsa', 'mahks', 'jabat', 'kabinda', 'jabar']","['brigjen', 'tni', 'ruddy', 'prasemilsa', 'mahks', 'jabat', 'kabinda', 'jabar']",brigjen tni ruddy prasemilsa mahks jabat kabinda jabar,1
edwin senjaya buka pelatihan manajemen sanggar dan lingkung seni regol,"['edwin', 'senjaya', 'buka', 'pelatihan', 'manajemen', 'sanggar', 'dan', 'lingkung', 'seni', 'regol']","['edwin', 'senjaya', 'buka', 'pelatihan', 'manajemen', 'sanggar', 'lingkung', 'seni', 'regol']",edwin senjaya buka latih manajemen sanggar lingkung seni regol,1
netizen di tuban pertanyakan koin nu ini penjelasan pcnu,"['netizen', 'di', 'tuban', 'pertanyakan', 'koin', 'nu', 'ini', 'penjelasan', 'pcnu']","['netizen', 'tuban', 'koin', 'nu', 'penjelasan', 'pcnu']",netizen tuban koin nu jelas pcnu,0
kapolres subang serahterimakan kunci rumah tidak layak huni yang telah disulap menjadi rumah gedong,"['kapolres', 'subang', 'serahterimakan', 'kunci', 'rumah', 'tidak', 'layak', 'huni', 'yang', 'telah', 'disulap', 'menjadi', 'rumah', 'gedong']","['kapolres', 'serahterimakan', 'kunci', 'rumah', 'layak', 'huni', 'disulap', 'rumah', 'gedong']",kapolres serahterimakan kunci rumah layak huni sulap rumah gedong,1
ratusan ibu majelis taklim hadiri kegiatan sinergi foundation di teras lembang,"['ratusan', 'ibu', 'majelis', 'taklim', 'hadiri', 'kegiatan', 'sinergi', 'foundation', 'di', 'teras', 'lembang']","['ratusan', 'majelis', 'taklim', 'hadiri', 'kegiatan', 'sinergi', 'foundation', 'teras', 'lembang']",ratus majelis taklim hadir giat sinergi foundation teras lembang,1
pemkot bandung raih tiga penghargaan manajemen asn dari bkn,"['pemkot', 'bandung', 'raih', 'tiga', 'penghargaan', 'manajemen', 'asn', 'dari', 'bkn']","['pemkot', 'raih', 'penghargaan', 'manajemen', 'asn', 'bkn']",pemkot raih harga manajemen asn bkn,1
koni subang gandeng sch gelar lomba desain maskot kontingen raih hadiah hingga 5 juta,"['koni', 'subang', 'gandeng', 'sch', 'gelar', 'lomba', 'desain', 'maskot', 'kontingen', 'raih', 'hadiah', 'hingga', '5', 'juta']","['koni', 'gandeng', 'sch', 'gelar', 'lomba', 'desain', 'maskot', 'kontingen', 'raih', 'hadiah', '5', 'juta']",koni gandeng sch gelar lomba desain maskot kontingen raih hadiah 5 juta,1
masyarakat subang antusias ikuti pengobatan gratis di rsau hoediono lanud suryadarma,"['masyarakat', 'subang', 'antusias', 'ikuti', 'pengobatan', 'gratis', 'di', 'rsau', 'hoediono', 'lanud', 'suryadarma']","['masyarakat', 'antusias', 'ikuti', 'pengobatan', 'gratis', 'rsau', 'hoediono', 'lanud', 'suryadarma']",masyarakat antusias ikut obat gratis rsau hoediono lanud suryadarma,1
bandar togel di subang tak berkutik diringkus polisi,"['bandar', 'togel', 'di', 'subang', 'tak', 'berkutik', 'diringkus', 'polisi']","['bandar', 'togel', 'berkutik', 'diringkus', 'polisi']",bandar togel kutik ringkus polisi,2
akhir agustus pemkot bandungtargetkan vaksin booster capai 50 persen,"['akhir', 'agustus', 'pemkot', 'bandungtargetkan', 'vaksin', 'booster', 'capai', '50', 'persen']","['agustus', 'pemkot', 'bandungtargetkan', 'vaksin', 'booster', 'capai', '50', 'persen']",agustus pemkot bandungtargetkan vaksin booster capai 50 persen,1
kota bandung siap jadi tuan rumah liga ibl playoff musim 2022,"['kota', 'bandung', 'siap', 'jadi', 'tuan', 'rumah', 'liga', 'ibl', 'playoff', 'musim', '2022']","['kota', 'tuan', 'rumah', 'liga', 'ibl', 'playoff', 'musim', '2022']",kota tuan rumah liga ibl playoff musim 2022,1
kapolres subang pimpin peletakan batu pertama bedah dua rutilahu di patokbeusi subang,"['kapolres', 'subang', 'pimpin', 'peletakan', 'batu', 'pertama', 'bedah', 'dua', 'rutilahu', 'di', 'patokbeusi', 'subang']","['kapolres', 'pimpin', 'peletakan', 'batu', 'bedah', 'rutilahu', 'patokbeusi']",kapolres pimpin leta batu bedah rutilahu patokbeusi,1
wanita berperan nyata dalam pembangunan kota bandung,"['wanita', 'berperan', 'nyata', 'dalam', 'pembangunan', 'kota', 'bandung']","['wanita', 'berperan', 'nyata', 'pembangunan', 'kota']",wanita peran nyata bangun kota,1
layanan administrasi kependudukan kota bandung siap go digital,"['layanan', 'administrasi', 'kependudukan', 'kota', 'bandung', 'siap', 'go', 'digital']","['layanan', 'administrasi', 'kependudukan', 'kota', 'go', 'digital']",layan administrasi duduk kota go digital,1
walikota bandung jangan sampai turun ke ppkm level 2,"['walikota', 'bandung', 'jangan', 'sampai', 'turun', 'ke', 'ppkm', 'level', '2']","['walikota', 'turun', 'ppkm', 'level', '2']",walikota turun ppkm level 2,0
cegah perilaku menyimpang generasi bangsa kapolsek legonkulon berikan wejangan pada siswa di hari kedua tahun ajaran baru,"['cegah', 'perilaku', 'menyimpang', 'generasi', 'bangsa', 'kapolsek', 'legonkulon', 'berikan', 'wejangan', 'pada', 'siswa', 'di', 'hari', 'kedua', 'tahun', 'ajaran', 'baru']","['cegah', 'perilaku', 'menyimpang', 'generasi', 'bangsa', 'kapolsek', 'legonkulon', 'wejangan', 'siswa', 'ajaran']",cegah perilaku simpang generasi bangsa kapolsek legonkulon wejang siswa ajar,1
wali kota bandung minta optimalisasi kanal media sosial,"['wali', 'kota', 'bandung', 'minta', 'optimalisasi', 'kanal', 'media', 'sosial']","['wali', 'kota', 'optimalisasi', 'kanal', 'media', 'sosial']",wali kota optimalisasi kanal media sosial,0
11 tahun penjara buat pembunuh kakek penjual kopi di tuban,"['11', 'tahun', 'penjara', 'buat', 'pembunuh', 'kakek', 'penjual', 'kopi', 'di', 'tuban']","['11', 'penjara', 'pembunuh', 'kakek', 'penjual', 'kopi', 'tuban']",11 penjara bunuh kakek jual kopi tuban,2
dokter muda cantik serahkan bantuan gotong royong dpd tmp jabar untuk masyarakat kab garut yang terdampak bencana alam,"['dokter', 'muda', 'cantik', 'serahkan', 'bantuan', 'gotong', 'royong', 'dpd', 'tmp', 'jabar', 'untuk', 'masyarakat', 'kab', 'garut', 'yang', 'terdampak', 'bencana', 'alam']","['dokter', 'muda', 'cantik', 'serahkan', 'bantuan', 'gotong', 'royong', 'dpd', 'tmp', 'jabar', 'masyarakat', 'kab', 'garut', 'terdampak', 'bencana', 'alam']",dokter muda cantik serah bantu gotong royong dpd tmp jabar masyarakat kab garut dampak bencana alam,1
ganjal mesin atm di minimarket rest area tol cipali subang pria paruh baya dibekuk jajaran sat reskrim polres subang,"['ganjal', 'mesin', 'atm', 'di', 'minimarket', 'rest', 'area', 'tol', 'cipali', 'subang', 'pria', 'paruh', 'baya', 'dibekuk', 'jajaran', 'sat', 'reskrim', 'polres', 'subang']","['ganjal', 'mesin', 'atm', 'minimarket', 'rest', 'area', 'tol', 'cipali', 'pria', 'paruh', 'baya', 'dibekuk', 'jajaran', 'sat', 'reskrim', 'polres']",ganjal mesin atm minimarket rest area tol cipali pria paruh baya bekuk jajar sat reskrim polres,2
qurban kembali ramai tedy rusmawan kagumi kebersamaan warga bandung,"['qurban', 'kembali', 'ramai', 'tedy', 'rusmawan', 'kagumi', 'kebersamaan', 'warga', 'bandung']","['qurban', 'ramai', 'tedy', 'rusmawan', 'kagumi', 'kebersamaan', 'warga']",qurban ramai tedy rusmawan kagum sama warga,1
isue politisasi pkh di tuban hoax ,"['isue', 'politisasi', 'pkh', 'di', 'tuban', 'hoax']","['isue', 'politisasi', 'pkh', 'tuban', 'hoax']",isue politisasi pkh tuban hoax,2
beda hari pelaksaan iedul adha bupati tuban  alhamdulillah tak ada masalah,"['beda', 'hari', 'pelaksaan', 'iedul', 'adha', 'bupati', 'tuban', 'alhamdulillah', 'tak', 'ada', 'masalah']","['beda', 'pelaksaan', 'iedul', 'adha', 'bupati', 'tuban', 'alhamdulillah']",beda laksa iedul adha bupati tuban alhamdulillah,1
pemkot bandung akselerasi sertifikasi tanah tempat ibadah,"['pemkot', 'bandung', 'akselerasi', 'sertifikasi', 'tanah', 'tempat', 'ibadah']","['pemkot', 'akselerasi', 'sertifikasi', 'tanah', 'ibadah']",pemkot akselerasi sertifikasi tanah ibadah,1
salat iduladha di masjid bisa diikuti 100 persen jamaah,"['salat', 'iduladha', 'di', 'masjid', 'bisa', 'diikuti', '100', 'persen', 'jamaah']","['salat', 'iduladha', 'masjid', 'diikuti', '100', 'persen', 'jamaah']",salat iduladha masjid ikut 100 persen jamaah,1
perjalanan 6 sekawan pencuri burung berakhir dengan dikurung,"['perjalanan', '6', 'sekawan', 'pencuri', 'burung', 'berakhir', 'dengan', 'dikurung']","['perjalanan', '6', 'sekawan', 'pencuri', 'burung', 'dikurung']",jalan 6 kawan curi burung kurung,2
teras belajar smart kini tak takut panas dan hujan yukk belajar,"['teras', 'belajar', 'smart', 'kini', 'tak', 'takut', 'panas', 'dan', 'hujan', 'yukk', 'belajar']","['teras', 'belajar', 'smart', 'takut', 'panas', 'hujan', 'yukk', 'belajar']",teras ajar smart takut panas hujan yukk ajar,1
bawa anggotanya danramil pamanukan gerudug polsek legonkulon beri kejutan hari bhayangkara,"['bawa', 'anggotanya', 'danramil', 'pamanukan', 'gerudug', 'polsek', 'legonkulon', 'beri', 'kejutan', 'hari', 'bhayangkara']","['bawa', 'anggotanya', 'danramil', 'pamanukan', 'gerudug', 'polsek', 'legonkulon', 'kejutan', 'bhayangkara']",bawa anggota danramil pamanukan gerudug polsek legonkulon kejut bhayangkara,0
tekan penyebaran covid-19 jajaran polsek binong gandeng puskesmas binong buka gerai vaksin di spbu wates,"['tekan', 'penyebaran', 'covid', '-', '19', 'jajaran', 'polsek', 'binong', 'gandeng', 'puskesmas', 'binong', 'buka', 'gerai', 'vaksin', 'di', 'spbu', 'wates']","['tekan', 'penyebaran', 'covid', '-', '19', 'jajaran', 'polsek', 'binong', 'gandeng', 'puskesmas', 'binong', 'buka', 'gerai', 'vaksin', 'spbu', 'wates']",tekan sebar covid - 19 jajar polsek bong gandeng puskesmas bong buka gerai vaksin spbu wates,1
ngobras puspaga yunimar ajak para ibu melek isu keluarga,"['ngobras', 'puspaga', 'yunimar', 'ajak', 'para', 'ibu', 'melek', 'isu', 'keluarga']","['ngobras', 'puspaga', 'yunimar', 'ajak', 'melek', 'isu', 'keluarga']",ngobras puspaga yunimar ajak melek isu keluarga,1
percepat ini akhirnya pemkot bandung gandeng kampus,"['percepat', 'ini', 'akhirnya', 'pemkot', 'bandung', 'gandeng', 'kampus']","['percepat', 'pemkot', 'gandeng', 'kampus']",cepat pemkot gandeng kampus,0
sering beraksi di wilayah pantura subang komplotan maling motor di bekuk jajaran sat reskrim polres subang,"['sering', 'beraksi', 'di', 'wilayah', 'pantura', 'subang', 'komplotan', 'maling', 'motor', 'di', 'bekuk', 'jajaran', 'sat', 'reskrim', 'polres', 'subang']","['beraksi', 'wilayah', 'pantura', 'komplotan', 'maling', 'motor', 'bekuk', 'jajaran', 'sat', 'reskrim', 'polres']",aksi wilayah pantura komplot maling motor bekuk jajar sat reskrim polres,2
sebanyak ini pemkot bandung tebar sapi dan kambing saat idul adha,"['sebanyak', 'ini', 'pemkot', 'bandung', 'tebar', 'sapi', 'dan', 'kambing', 'saat', 'idul', 'adha']","['pemkot', 'tebar', 'sapi', 'kambing', 'idul', 'adha']",pemkot tebar sapi kambing idul adha,1
sig klaim meredusir 61380 ton co2 per tahun,"['sig', 'klaim', 'meredusir', '61380', 'ton', 'co2', 'per', 'tahun']","['sig', 'klaim', 'meredusir', '61380', 'ton', 'co2']",sig klaim redusir 61380 ton co2,1
kecamatan rancasari kota bandung dukung umkm miliki nib dan pirt,"['kecamatan', 'rancasari', 'kota', 'bandung', 'dukung', 'umkm', 'miliki', 'nib', 'dan', 'pirt']","['kecamatan', 'rancasari', 'kota', 'dukung', 'umkm', 'miliki', 'nib', 'pirt']",camat rancasari kota dukung umkm milik nib pirt,1
tedy rusmawan optimis ekonomi bandung bangkit,"['tedy', 'rusmawan', 'optimis', 'ekonomi', 'bandung', 'bangkit']","['tedy', 'rusmawan', 'optimis', 'ekonomi', 'bangkit']",tedy rusmawan optimis ekonomi bangkit,1
polda jabar tangkap 11 orang yang melakukan penyelundupan gas elpiji di subang,"['polda', 'jabar', 'tangkap', '11', 'orang', 'yang', 'melakukan', 'penyelundupan', 'gas', 'elpiji', 'di', 'subang']","['polda', 'jabar', 'tangkap', '11', 'orang', 'penyelundupan', 'gas', 'elpiji']",polda jabar tangkap 11 orang selundup gas elpiji,2
hari bhayangkara ke-76 polsek pamanukan dapat kejutan dari tni,"['hari', 'bhayangkara', 'ke', '-', '76', 'polsek', 'pamanukan', 'dapat', 'kejutan', 'dari', 'tni']","['bhayangkara', '-', '76', 'polsek', 'pamanukan', 'kejutan', 'tni']",bhayangkara - 76 polsek pamanukan kejut tni,1
kunjungi trisa purwati yana beri motivasi dan bantuan,"['kunjungi', 'trisa', 'purwati', 'yana', 'beri', 'motivasi', 'dan', 'bantuan']","['kunjungi', 'trisa', 'purwati', 'yana', 'motivasi', 'bantuan']",kunjung trisa purwati yana motivasi bantu,1
silaturahim dan berikan motivasi pada santri di ponpes al-ukhuwah pagaden kapolres subang minta santriwati berani lapor jika dilecehkan,"['silaturahim', 'dan', 'berikan', 'motivasi', 'pada', 'santri', 'di', 'ponpes', 'al', '-', 'ukhuwah', 'pagaden', 'kapolres', 'subang', 'minta', 'santriwati', 'berani', 'lapor', 'jika', 'dilecehkan']","['silaturahim', 'motivasi', 'santri', 'ponpes', 'al', '-', 'ukhuwah', 'pagaden', 'kapolres', 'santriwati', 'berani', 'lapor', 'dilecehkan']",silaturahim motivasi santri ponpes al - ukhuwah pagaden kapolres santriwati berani lapor leceh,1
pantai semilir tuban memanas ahli waris bakal adukan pemdes socorejo ke polda jatim,"['pantai', 'semilir', 'tuban', 'memanas', 'ahli', 'waris', 'bakal', 'adukan', 'pemdes', 'socorejo', 'ke', 'polda', 'jatim']","['pantai', 'semilir', 'tuban', 'memanas', 'ahli', 'waris', 'adukan', 'pemdes', 'socorejo', 'polda', 'jatim']",pantai milir tuban panas ahli waris adu pemdes socorejo polda jatim,2
kelurahan di kota bandung mulai invetarisasi ptsl 2023,"['kelurahan', 'di', 'kota', 'bandung', 'mulai', 'invetarisasi', 'ptsl', '2023']","['kelurahan', 'kota', 'invetarisasi', 'ptsl', '2023']",lurah kota invetarisasi ptsl 2023,0
di moment tahun ajaran baru jajaran polsek pamanukan berikan edukasi kepada pelajar di pamanukan subang,"['di', 'moment', 'tahun', 'ajaran', 'baru', 'jajaran', 'polsek', 'pamanukan', 'berikan', 'edukasi', 'kepada', 'pelajar', 'di', 'pamanukan', 'subang']","['moment', 'ajaran', 'jajaran', 'polsek', 'pamanukan', 'edukasi', 'pelajar', 'pamanukan']",moment ajar jajar polsek pamanukan edukasi ajar pamanukan,1
berkat kang pisman tps-3r dago bengkok kurangi sampah 25 ton,"['berkat', 'kang', 'pisman', 'tps', '-', '3r', 'dago', 'bengkok', 'kurangi', 'sampah', '25', 'ton']","['berkat', 'kang', 'pisman', 'tps', '-', '3r', 'dago', 'bengkok', 'kurangi', 'sampah', '25', 'ton']",berkat kang pisman tps - 3r dago bengkok kurang sampah 25 ton,1
panduan qurban saat wabah pmk menurut fatwa mui,"['panduan', 'qurban', 'saat', 'wabah', 'pmk', 'menurut', 'fatwa', 'mui']","['panduan', 'qurban', 'wabah', 'pmk', 'fatwa', 'mui']",pandu qurban wabah pmk fatwa mui,0
genjot vaksinasi booster kapolres subang gelar gebyar vaksinasi di alun-alun pagaden,"['genjot', 'vaksinasi', 'booster', 'kapolres', 'subang', 'gelar', 'gebyar', 'vaksinasi', 'di', 'alun', '-', 'alun', 'pagaden']","['genjot', 'vaksinasi', 'booster', 'kapolres', 'gelar', 'gebyar', 'vaksinasi', 'alun', '-', 'alun', 'pagaden']",genjot vaksinasi booster kapolres gelar gebyar vaksinasi alun - alun pagaden,1
ini masukan komisi a bagi bkpsdm,"['ini', 'masukan', 'komisi', 'a', 'bagi', 'bkpsdm']","['masukan', 'komisi', 'a', 'bkpsdm']",masuk komisi a bkpsdm,0
alhamdulillah masjid al amin bersertifikat jemaah tenang,"['alhamdulillah', 'masjid', 'al', 'amin', 'bersertifikat', 'jemaah', 'tenang']","['alhamdulillah', 'masjid', 'al', 'amin', 'bersertifikat', 'jemaah', 'tenang']",alhamdulillah masjid al amin sertifikat jemaah tenang,1
target pemkot bandung pengangguran jadi 8 persen,"['target', 'pemkot', 'bandung', 'pengangguran', 'jadi', '8', 'persen']","['target', 'pemkot', 'pengangguran', '8', 'persen']",target pemkot anggur 8 persen,0
saat membungkus jangan disatukan daging dengan jeroan,"['saat', 'membungkus', 'jangan', 'disatukan', 'daging', 'dengan', 'jeroan']","['membungkus', 'disatukan', 'daging', 'jeroan']",bungkus satu daging jeroan,0
pisah sambut dansektor 22 citarum harum yana ajak tingkatkan kolaborasi,"['pisah', 'sambut', 'dansektor', '22', 'citarum', 'harum', 'yana', 'ajak', 'tingkatkan', 'kolaborasi']","['pisah', 'sambut', 'dansektor', '22', 'citarum', 'harum', 'yana', 'ajak', 'tingkatkan', 'kolaborasi']",pisah sambut dansektor 22 citarum harum yana ajak tingkat kolaborasi,1
dana desa dan csr belum sentuh penanganan tb di subang,"['dana', 'desa', 'dan', 'csr', 'belum', 'sentuh', 'penanganan', 'tb', 'di', 'subang']","['dana', 'desa', 'csr', 'sentuh', 'penanganan', 'tb']",dana desa csr sentuh tangan tb,2
jajaran polsek pusakanagara berikan bimbingan kepada calon taruna smkn 1 pusakanagara,"['jajaran', 'polsek', 'pusakanagara', 'berikan', 'bimbingan', 'kepada', 'calon', 'taruna', 'smkn', '1', 'pusakanagara']","['jajaran', 'polsek', 'pusakanagara', 'bimbingan', 'calon', 'taruna', 'smkn', '1', 'pusakanagara']",jajar polsek pusakanagara bimbing calon taruna smkn 1 pusakanagara,1
segini jumlah jeroan sapi dan domba yang dimusnahkan dkpp kota bandung,"['segini', 'jumlah', 'jeroan', 'sapi', 'dan', 'domba', 'yang', 'dimusnahkan', 'dkpp', 'kota', 'bandung']","['segini', 'jeroan', 'sapi', 'domba', 'dimusnahkan', 'dkpp', 'kota']",gin jeroan sapi domba musnah dkpp kota,2
ini kata yana tentang turnamen sepak bola wanita piala wali kota bandung,"['ini', 'kata', 'yana', 'tentang', 'turnamen', 'sepak', 'bola', 'wanita', 'piala', 'wali', 'kota', 'bandung']","['yana', 'turnamen', 'sepak', 'bola', 'wanita', 'piala', 'wali', 'kota']",yana turnamen sepak bola wanita piala wali kota,0
pemkot bandung dan bssn kerjasama pemanfaatan sertifikat elektronik,"['pemkot', 'bandung', 'dan', 'bssn', 'kerjasama', 'pemanfaatan', 'sertifikat', 'elektronik']","['pemkot', 'bssn', 'kerjasama', 'pemanfaatan', 'sertifikat', 'elektronik']",pemkot bssn kerjasama manfaat sertifikat elektronik,1
tangis haru gadis puluhan tahun tidak bisa berjalan mendapatkan kursi roda oleh kapolres subang,"['tangis', 'haru', 'gadis', 'puluhan', 'tahun', 'tidak', 'bisa', 'berjalan', 'mendapatkan', 'kursi', 'roda', 'oleh', 'kapolres', 'subang']","['tangis', 'haru', 'gadis', 'puluhan', 'berjalan', 'kursi', 'roda', 'kapolres']",tangis haru gadis puluh jalan kursi roda kapolres,1
perkenalkan pertanian pada kaum milenial polbangtan bogor bersama pemda subang gelar open day di smkn 1 pusakanagara,"['perkenalkan', 'pertanian', 'pada', 'kaum', 'milenial', 'polbangtan', 'bogor', 'bersama', 'pemda', 'subang', 'gelar', 'open', 'day', 'di', 'smkn', '1', 'pusakanagara']","['perkenalkan', 'pertanian', 'kaum', 'milenial', 'polbangtan', 'bogor', 'pemda', 'gelar', 'open', 'day', 'smkn', '1', 'pusakanagara']",kenal tani kaum milenial polbangtan bogor pemda gelar open day smkn 1 pusakanagara,1
lindungi kaum milenial polres subang musnahkan berbagai jenis miras,"['lindungi', 'kaum', 'milenial', 'polres', 'subang', 'musnahkan', 'berbagai', 'jenis', 'miras']","['lindungi', 'kaum', 'milenial', 'polres', 'musnahkan', 'jenis', 'miras']",lindung kaum milenial polres musnah jenis miras,1
kodim 0605/subang kolaborasi dengan asistel mabes-ad gelar binkom cegah konflik sosial,"['kodim', '0605', '/', 'subang', 'kolaborasi', 'dengan', 'asistel', 'mabes', '-', 'ad', 'gelar', 'binkom', 'cegah', 'konflik', 'sosial']","['kodim', '0605', '/', 'kolaborasi', 'asistel', 'mabes', '-', 'ad', 'gelar', 'binkom', 'cegah', 'konflik', 'sosial']",kodim 0605  kolaborasi asistel mabes - ad gelar binkom cegah konflik sosial,1
polsek legonkulon gandeng pemdes legonwetan gelar gebyar vaksin booster,"['polsek', 'legonkulon', 'gandeng', 'pemdes', 'legonwetan', 'gelar', 'gebyar', 'vaksin', 'booster']","['polsek', 'legonkulon', 'gandeng', 'pemdes', 'legonwetan', 'gelar', 'gebyar', 'vaksin', 'booster']",polsek legonkulon gandeng pemdes legonwetan gelar gebyar vaksin booster,1
hadiri tahlil hari ke 7 dpd taruna merah putih jabar turut berbela sungkawa kepada keluarga korban perundungan tasikmalaya,"['hadiri', 'tahlil', 'hari', 'ke', '7', 'dpd', 'taruna', 'merah', 'putih', 'jabar', 'turut', 'berbela', 'sungkawa', 'kepada', 'keluarga', 'korban', 'perundungan', 'tasikmalaya']","['hadiri', 'tahlil', '7', 'dpd', 'taruna', 'merah', 'putih', 'jabar', 'berbela', 'sungkawa', 'keluarga', 'korban', 'perundungan', 'tasikmalaya']",hadir tahlil 7 dpd taruna merah putih jabar bela sungkawa keluarga korban rundung tasikmalaya,1
sejumlah anak yatim mendapat daging qurban dari tim penggerak pkk kota bandung,"['sejumlah', 'anak', 'yatim', 'mendapat', 'daging', 'qurban', 'dari', 'tim', 'penggerak', 'pkk', 'kota', 'bandung']","['anak', 'yatim', 'daging', 'qurban', 'tim', 'penggerak', 'pkk', 'kota']",anak yatim daging qurban tim gerak pkk kota,1
dprd kota bandung setujui raperda pertanggungjawaban apbd 2021,"['dprd', 'kota', 'bandung', 'setujui', 'raperda', 'pertanggungjawaban', 'apbd', '2021']","['dprd', 'kota', 'setujui', 'raperda', 'pertanggungjawaban', 'apbd', '2021']",dprd kota tuju raperda pertanggungjawaban apbd 2021,0
komisi b minta rsud kota bandung benahi fasilitas layanan,"['komisi', 'b', 'minta', 'rsud', 'kota', 'bandung', 'benahi', 'fasilitas', 'layanan']","['komisi', 'b', 'rsud', 'kota', 'benahi', 'fasilitas', 'layanan']",komisi b rsud kota benah fasilitas layan,0
komisi b sarankan tindak lanjut dana retribusi bagi gedung tinggi,"['komisi', 'b', 'sarankan', 'tindak', 'lanjut', 'dana', 'retribusi', 'bagi', 'gedung', 'tinggi']","['komisi', 'b', 'sarankan', 'tindak', 'dana', 'retribusi', 'gedung']",komisi b saran tindak dana retribusi gedung,0
resmikan klinik happy healty farma bupati subang  terima kasih telah memenuhi kebutuhan pelayanan kesehatan masyarakat,"['resmikan', 'klinik', 'happy', 'healty', 'farma', 'bupati', 'subang', 'terima', 'kasih', 'telah', 'memenuhi', 'kebutuhan', 'pelayanan', 'kesehatan', 'masyarakat']","['resmikan', 'klinik', 'happy', 'healty', 'farma', 'bupati', 'terima', 'kasih', 'memenuhi', 'kebutuhan', 'pelayanan', 'kesehatan', 'masyarakat']",resmi klinik happy healty farma bupati terima kasih penuh butuh layan sehat masyarakat,1
selain ultah ke-61 ikwi gelar konsolidasi,"['selain', 'ultah', 'ke', '-', '61', 'ikwi', 'gelar', 'konsolidasi']","['ultah', '-', '61', 'ikwi', 'gelar', 'konsolidasi']",ultah - 61 ikwi gelar konsolidasi,0
resmi dibuka turnamen bola volly taman anggur kukulu diapresiasi ketua tmp dpd jabar,"['resmi', 'dibuka', 'turnamen', 'bola', 'volly', 'taman', 'anggur', 'kukulu', 'diapresiasi', 'ketua', 'tmp', 'dpd', 'jabar']","['resmi', 'dibuka', 'turnamen', 'bola', 'volly', 'taman', 'anggur', 'kukulu', 'diapresiasi', 'ketua', 'tmp', 'dpd', 'jabar']",resmi buka turnamen bola volly taman anggur kukulu apresiasi ketua tmp dpd jabar,1
dies natalis sman 1 pamanukan ke 41 th alumni nepam84 gelar bakti sosial dengan memungut sampah,"['dies', 'natalis', 'sman', '1', 'pamanukan', 'ke', '41', 'th', 'alumni', 'nepam', '', '', '84', 'gelar', 'bakti', 'sosial', 'dengan', 'memungut', 'sampah']","['dies', 'natalis', 'sman', '1', 'pamanukan', '41', 'th', 'alumni', 'nepam', '', '', '84', 'gelar', 'bakti', 'sosial', 'memungut', 'sampah']",dies natalis sman 1 pamanukan 41 th alumni nepam   84 gelar bakti sosial mungut sampah,1
dilantik menjadi ketua dpd tmp jabar niko rinaldo siap rangkul kaum milenial,"['dilantik', 'menjadi', 'ketua', 'dpd', 'tmp', 'jabar', 'niko', 'rinaldo', 'siap', 'rangkul', 'kaum', 'milenial']","['dilantik', 'ketua', 'dpd', 'tmp', 'jabar', 'niko', 'rinaldo', 'rangkul', 'kaum', 'milenial']",lantik ketua dpd tmp jabar niko rinaldo rangkul kaum milenial,1
kapolres subang berikan kadeudeuh pada balita asal desa mulyasari pamanukan yang menderita lumpuh dan terdapat gumpalan di otak,"['kapolres', 'subang', 'berikan', 'kadeudeuh', 'pada', 'balita', 'asal', 'desa', 'mulyasari', 'pamanukan', 'yang', 'menderita', 'lumpuh', 'dan', 'terdapat', 'gumpalan', 'di', 'otak']","['kapolres', 'kadeudeuh', 'balita', 'desa', 'mulyasari', 'pamanukan', 'menderita', 'lumpuh', 'gumpalan', 'otak']",kapolres kadeudeuh balita desa mulyasari pamanukan derita lumpuh gumpal otak,1
ini solusi sosial ekonomi kelurahan tamansari kota bandung,"['ini', 'solusi', 'sosial', 'ekonomi', 'kelurahan', 'tamansari', 'kota', 'bandung']","['solusi', 'sosial', 'ekonomi', 'kelurahan', 'tamansari', 'kota']",solusi sosial ekonomi lurah tamansari kota,1
nikmatnya santap daging kurban,"['nikmatnya', 'santap', 'daging', 'kurban']","['nikmatnya', 'santap', 'daging', 'kurban']",nikmat santap daging kurban,0
pemkot bandung sebar 100 ekor kambing dan 45 ekor sapi kurban,"['pemkot', 'bandung', 'sebar', '100', 'ekor', 'kambing', 'dan', '45', 'ekor', 'sapi', 'kurban']","['pemkot', 'sebar', '100', 'ekor', 'kambing', '45', 'ekor', 'sapi', 'kurban']",pemkot sebar 100 ekor kambing 45 ekor sapi kurban,1
pemkot bandung dan kodim 0618/bs salurkan 2200 dus migor curah,"['pemkot', 'bandung', 'dan', 'kodim', '0618', '/', 'bs', 'salurkan', '2200', 'dus', 'migor', 'curah']","['pemkot', 'kodim', '0618', '/', 'bs', 'salurkan', '2200', 'dus', 'migor', 'curah']",pemkot kodim 0618  bs salur 2200 dus migor curah,1
sebanyak 200 dosis vaksin sudah diberikan pada peternak,"['sebanyak', '200', 'dosis', 'vaksin', 'sudah', 'diberikan', 'pada', 'peternak']","['200', 'dosis', 'vaksin', 'peternak']",200 dosis vaksin ternak,1
