0,"Ngatiyana Terjun Langsung Menemui Warga, Menampung  Aspirasi Masyarakat"
1,Spesifikasi Redmi 10C HP Gaming Murah Rp 1 Jutaan
2,"Puluhan Rumah di Perum Griya Zavira Cilawu Terancam Terbawa Longsor, Warga Minta Pemkab Segera Bertindak"
3,Prakiraan Cuaca Kota-kota Besar di Indonesia untuk Senin 25 Juli 2022
4,"Kurang dari 24 Jam, Pelaku Pembunuh Remaja Diciduk Saat Coba Melarikan Diri"
5,Bawaslu KBB Butuh Anggaran Rp23 Miliar untuk Pilkada Serentak 2024
6,Lansia Menjadi Kelompok Paling Rentan Selama Pandemi Covid-19
7,"Terdakwa Kasus Kebakaran Bengkel di Tangerang Divonis 8 Tahun Bui, PH: Keputusan Hakim Bijak"
8,"Odong-odong TERPENTAL 10 Meter Dihantam Kereta Api,  9 Orang Meninggal"
9,"Cinta Setelah Cinta 26 Juli 2022 Tayang di SCTV Pukul 19.30 WIB, Niko dan Ayu Kepergok Tio dan Gurunya"
10,"Sekali Panen, Petani Tomat di Lembang Mampu Meraup Pendapatan Rp1 Miliar"
11,Bacaan Niat Puasa Senin-Kamis Berikut Doa Berbuka dan Keutamaannya
12,"LINK LIVE STREAMING Persikabo vs Persebaya Surabaya, Segera KICK OFF Langsung Klik di Sini"
13,"LINK LIVE STREAMING Persib Bandung vs Bhayangkara FC, Maung Bandung Sementara Unggul 2-1!"
14,"Hadapi Tim EPPD Jabar, Bupati Sumedang Tekan Bawahannya Kooperatif"
15,"Persikabo Taklukkan Persebaya Surabaya 1-0, Gustavo Tocantins Jadi Pahlawan Kemenangan"
16,"Benfica vs Newcastle United, Jadwal Pertandingan, Tempat dan Prediksi Susunan Pemain"
17,Ridwan Kamil 'Ceramahi' Baim Wong Soal Citayam Fashion Week: Tidak Perlu Ikut-ikutan Mengatur!
18,"LINK LIVE STREAMING Persis Solo vs Dewa United, Pertaruhan Kualitas 2 Mantan Pelatih Timnas Indonesia"
19,"MENCEKAM! Warga  Sweeping  Kendaraan  Bermotor di Yogyakarta, Plat AD Trending Topic"
20,"Ini Daftar 73 Jemaah Haji yang Meninggal hingga Hari ke-53, 60% Jemaah Gelombang Pertama Pulang ke Tanah Air"
21,"Petani Masuk Kelompok Prasejahtera, PKS Minta Kader Legislatif dan Eksekutif Ikut Berjuang"
22,Green Kurban Salurkan ke 17.782 Penerima Manfaat
23,BPKAD Kota Cimahi Launching Aplikasi SIAGA
24,Museum Subang Masih Kurang Pengunjung
25,"LINK STREAMING Cinta Setelah Cinta 26 Juli 2022, Tayang Sesaat Lagi Langsung Klik di Sini"
26,"Perkuat Persatuan dan Kesatuan, Kodim 0618/BS Laksanakan Bimkom Cegah Konflik Sosial"
27,"Dahana Garap Rajata, Penghancur Tanpa Ketahui Musuh"
28,"Jelang Benfica vs Newcastle United, The Magpies Ambisi Datangkan Timo Werner dari Chelsea"
29,"Frets Butuan Bawa Persib Unggul Sementara di Babak Kedua, LINK LIVE STREAMING Bisa Diakses di Sini"
30,"Wakil Ketua DPRD Kota Bandung, Ade Supriadi Wafat, Wali Kota Berduka"
31,"LINK LIVE STREAMING Persikabo vs Persebaya Surabaya, Langsung Klik di Sini"
32,"Persib Bandung Kebobolan Jelang Pertandingan Kontra Bhayangkara FC Berakhir, Wasit Jadi Sorotan Bobotoh"
33,"Pelatihan Guru Utama Revitalisasi Bahasa Daerah, Menjaga Kepunahan Bahasa Daerah dengan Menulis"
34,NONTON Persikabo vs Persebaya Surabaya Langsung Klik LINK LIVE STREAMING  Hanya di Sini
35,Ridwan Kamil Dinobatkan sebagai Ayah Inspiratif
36,"Presiden Jokowi Tiba di China, Besok Sore Temui Xi Jinping Secara Tertutup"
37,KPAS-PlaAstro Gelar Pameran Tunggal 'The Silence of Khotbah'
38,"Langsung Jatuh Cinta Pada Kosumon, Moeldoko: Saya Jagonya Ngopi, Ini Very Special"
39,"Gandeng Pemerintah Daerah, Tokopedia Dorong Implementasi Digitalisasi Pasar Rakyat"
40,"Viral! Petarung UFC Sampaikan Hal Menyedihkan Usai Menang Tarung, Temannya Bunuh Diri Jelang Tanding"
41,"VIRAL Seorang Pria Tergeletak di Jalanan Yogyakarta, Polda DIY Cek Kemungkinan Korban Jiwa ke RS"
42,"Ade Yasin Optimis Eksepsi Diterima Hakim, Dakwaan Tak Sesuai dengan Alasan KPK Melakukan Penangkapan"
43,Empat Pelaku Spesialis Pencurian Mobil Pick Up Diringkus Polresta Bandung
44,"WASPADA! Siang dan Malam Hari Jabar Diguyur Hujan: Prakiraan Cuaca Wilayah Jawa Barat Senin, 25 Juli 2022"
45,"Buka Latsar CPNS, Sekda Jabar Tekankan Integritas"
46,Panglima TNI Utus Dokter Forensik TNI Lakukan Autopsi Brigadir J: Kalau Mau Tambah Juga Boleh
47,"PAD Retribusi Parkir Minim, Ini yang Akan Dilakukan Bapenda KBB"
48,"Pesan Menohok Ridwan Kamil ke Baim Wong Soal Citayam Fashion Week: Anda dan Istri Sudah Hebat, Tapi..."
49,"Berusaha Pulihkan Cedera, Febri Hariyadi Disemangati Mario Jardel: Semangat Bang Bow!"
50,"Pemilik Tim Football Menangkan Lelang Sabuk Juara Tinju Muhammad Ali, Ini Harganya"
51,"Tersangka KASUS SUBANG Bertambah Jadi 11 Orang, Perannya Diungkap Polda Jabar"
52,"Kasus Anak Tewas Akibat Perundungan di Tasikmalaya, 3 Orang Jadi Tersangka"
53,"Cinta Setelah Cinta 25 Juli 2022 Tayang di SCTV Pukul 19.30, Simak Sinopsis Berikut LINK STREAMING"
54,"Ada 16.000 Kasus Cacar Monyet di 75 Negara, WHO Minta Kawasan Asia Tenggara Perkuat Pengawasan"
55,"Inilah yang Harus Hindari, Warga Binaan Lapas Sumedang"
56,"CFW Didaftarkan Paten Ini Komentar Sandiaga Uno: Anak-anak SCBD Jangan Ada yang Terzalimi, Harus Transparan"
57,Ceu Popong dan Salim Segaf Dorong Kolaborasi untuk Selesaikan Masalah Kebangsaan
58,"LINK STREAMING Cinta Setelah Cinta 25 Juli 2022, Starla Pergoki Niko dan Ayu, Rencana Ben Bakal Lancar?"
59,"WASPADA! Sejumlah Kota Besar Diguyur Hujan: Prakirakan Cuaca Hari Ini, Selasa, 26 Juli 2022"
60,"Populasi 'Yaki' di Sulteng Turun Drastis,  Tinggal Menyisakan  1.000 Ekor"
61,PSIS Semarang Rekrut Pelatih Kiper Asal Inggris Rory Grand
62,"Covid-19 di KBB Sempat Menembus 101 Kasus, Warga Mulai Bergairah Vaksin Booster"
63,Bareskrim Polri Tetapkan 4 Tersangka Kasus ACT
64,"Cinta Setelah Cinta 26 Juli 2022: Niko Ngamuk kepada Ayu, Arya dan Ben Berebut Perhatian Starla"
65,"Prakiraan Cuaca di Kota-kota Besar di Indonesia, Bandung Hujan Ringan"
66,Persis Solo Menyerah 2-3 dari Dewa United di Liga 1
67,Ucapkan Good Bye Pada Pertalite dan Solar bagi Pemilik Mobil dengan Kapasitas 2000 cc ke Atas
68,"Bantu Renovasi Rumah Warga yang Hampir Roboh, Ridwan Kamil: Tugas Pemimpin Memudahkan Urusan Rakyat"
69,"Persita Siap Ladeni Persik Kediri, Vera: Butuh Start yang Bagus"
70,"Identitas 11 Tersangka KASUS SUBANG Diungkap Polisi, Ada yang Berperan sebagai Pemodal"
71,Kita Punya Seribu Alasan untuk Bahagia dengan Melepas Beban Emosi
72,"TOL CIPALI Kembali Memakan Korban Jiwa, 2 Tewas Akibat Tabrakan"
73,"Kunker ke Babel, Kepala BPIP Yudian Wahyudi Ajak Santri dan Dosen Jaga dan Perkokoh Pancasila"
74,"Demi Menambah Daya Juang,  7 Pemain Persija sampai Ganti Nomor Punggung"
75,"Innalillahi Wainailaihi Rojiun, Wakil Ketua DPRD Kota Bandung Ade Supriadi Meninggal Dunia"
76,GRATIS Link Live Streaming PSG vs Gamba Osaka 25 Juli 2022 Pukul 17.00 WIB Sekarang!
77,"Yogyakarta Rusuh! Batu Berterbangan di Sejumlah Sudut Kota, Driver Ojek Online Diburu Massa"
78,"Keputusan Pemerintah Naikkan Harga Gas Elpiji Non Subsidi Dinilai Kurang Tepat, Ini Kata Politisi PKS"
79,"Anggunnya Dian Sastro Pakai Kebaya, Lagi-lagi Bikin Penggemar Meleleh"
80,Dankoharmatau Ikuti Ziarah di TMPNU Kalibata Jelang Hari Bakti TNI AU ke 75
81,Sporting Lisbon vs Sevilla Mulai Berlangsung Pukul 01.45 WIB
82,KCIC Siapkan SDM Operasional KCJB
83,"Terkait Kasus Kematian Brigadir J, Komnas HAM Periksa 7 Ajudan Irjen Ferdy Sambo, 2 Tak Penuhi Panggilan"
84,Pengacara Ade Yasin: Dakwaan Jaksa KPK Cuma Mirip Isi Buku
85,"Ridwan Kamil Cek Progres Dua Bendungan Kering, Proyek Nasional Pengendali Banjir"
86,"Tinggi Letusan Gunung Anak Krakatau Mencapai 157 Meter, Nelayan dan Wisatawan Dilarang Mendekat"
87,Brigita Manohara Dicecar 17 Pertanyaan  Penyidik KPK
88,Rincian Harga Emas Pegadaian Hari Ini 26 Juli 2022 Antam Turun UBS Naik Mulai dari Rp 505.000
89,"LINK LIVE STREAMING Persikabo vs Persebaya Surabaya, Aji Santoso Nyatakan Siap Tempur"
90,"Heboh Roberto Firmino Hengkang ke Juventus, Liverpool Muluskan Jalan  Kepergian Sang Striker?"
91,BNN Tembak Bandar Sabu-sabu Bersenjata Api
92,"Jaring Capres-Cawapres 2024, Relawan Jokowi Bakal Gelar Musyawarah Rakyat di 34 Provinsi"
93,"VIRAL! Seorang Pria Tergeletak di Jalanan Yogyakarta, Suporter Persis Solo Bentrok dengan Warga"
94,"LINK LIVE STREAMING PSG vs Gamba Osaka di Jepang, Nonton Gratis Klik Hanya di Sini"
95,Bocoran Harga iPhone 14 Series yang Terjangkau Lengkap dengan Spesifikasi dan Tanggal Rilis
96,"Pendaftaran HAKI Citayam Fashion Week Tak Diperlukan, Pengamat: Keuntungannya Tak Sebanding dengan Acaranya"
97,BRIGADIR J Terekam CCTV Saat Beraktivitas di Rumah Irjen Pol Ferdy Sambo Sesaat Sebelum Tewas Tertembak
98,Harga Emas Pegadaian Hari Ini 25 Juli 2022 Antam dan UBS Stabil Setelah Alami Kenaikan
99,"Energize 2 Infrastruktur Ketenagalistrikan Dinilai Berhasil, Sistem Elektrifikasi Jawa Barat Semakin Andal"
100,Waspada Sulit Air Bersih Saat Kemarau Basah di Kota Bandung
101,Manfaatkan Program Pemutihan Pajak Kendaraan Hingga 31 Agustus 2022
102,Tedy Rusmawan Harapkan Inovasi Dishub Soal Penanganan Kemacetan
103,"Rugikan Negara, Gudang Gas Oplosan di Patokbeusi Subang Digerebek Dit Reskrimsus Polda Jabar"
104,Pemkot Bandung Kucurkan Dana UHC Rp240 Miliar per Tahun
105,IKWI Jabar Miliki Gedung Baru
106,Ketua DPRD Dorong Pemberlakuan Ganjil-Genap di Kota Bandung
107,"Pemkot Bandung Anggarkan Rp 5,8 Triliun, Terbesar Program Kesehatan dan Pendidikan"
108,"Serunya Pameran Inovasi Otomotif di Kiara Artha Park, Datang Yuk!"
109,"Wakil Ketua DPRD Kota Bandung, Ade Supriadi Wafat, Yana Berduka"
110,Sapi dari Jateng Dilarang Masuk Jatim
111,"Dunia Sedang Tidak Baik-Baik Saja, Niko Rinaldo Ajak Pemuda Gotongroyong Aksi Nyata dalam Dialog Muda Jawa Barat"
112,"Tak Mengendur, Polsek Pamanukan Terus Gencarkan Vaksinasi Booster dengan Doorprize Minyak Goreng"
113,Pembagian Daging Qurban Sebaiknya Pakai Plastik
114,"Ciptakan Suasana Baru, Kepsek SDN Pamanukan 1 Buat Slogan Inspiratif"
115,Pemkot Bandung Serius Garap BPJS Ketenagakerjaan bagi non-ASN
116,Tim  Pencak Silat Bertema Kota Bandung Raih Medali Emas Fornas VI Palembang
117,"Innalillahi, Dua Warung di Pusakanagara Subang Ludes Terbakar"
118,Begini  Cara Pengolahan Sampah di RW 12 Maleer Kota Bandung
119,Target Dosis III Akhir Agustus 50 Persen
120,"LSM Ramai-ramai Laporkan PT SAG,  LPKSM : Warga Jangan Dijadikan Tumbal"
121,Tak Ada Beaya Pengurusan SKKH Sapi
122,Virus PMK Akan Mati Dalam Rebusan Mendidih 30 Menit
123,Brigjen TNI Ruddy Prasemilsa Mahks Jabat Kabinda Jabar
124,Edwin Senjaya Buka Pelatihan Manajemen Sanggar dan Lingkung Seni Regol
125,"Netizen di Tuban Pertanyakan Koin NU, Ini Penjelasan PCNU"
126,Kapolres Subang Serahterimakan Kunci Rumah Tidak Layak Huni yang Telah Disulap Menjadi Rumah Gedong
127,Ratusan Ibu Majelis Taklim Hadiri Kegiatan Sinergi Foundation di Teras Lembang
128,Pemkot Bandung Raih Tiga Penghargaan Manajemen ASN dari BKN
129,"KONI Subang Gandeng SCH Gelar Lomba Desain Maskot Kontingen, Raih Hadiah Hingga 5 Juta"
130,Masyarakat Subang Antusias Ikuti Pengobatan Gratis di RSAU Hoediono Lanud Suryadarma
131,"Bandar Togel di Subang, Tak Berkutik Diringkus Polisi"
132,Akhir Agustus Pemkot BandungTargetkan Vaksin Booster Capai 50 Persen
133,Kota Bandung Siap Jadi Tuan Rumah Liga IBL Playoff Musim 2022
134,Kapolres Subang Pimpin Peletakan Batu Pertama Bedah Dua Rutilahu di Patokbeusi Subang
135,Wanita Berperan Nyata dalam Pembangunan Kota Bandung
136,Layanan Administrasi Kependudukan Kota Bandung Siap Go Digital
137,Walikota Bandung: Jangan Sampai Turun ke PPKM Level 2
138,"Cegah Perilaku Menyimpang Generasi Bangsa, Kapolsek Legonkulon Berikan Wejangan Pada Siswa di Hari Kedua Tahun Ajaran Baru"
139,Wali Kota Bandung Minta Optimalisasi Kanal Media Sosial
140,11 Tahun Penjara buat Pembunuh Kakek Penjual Kopi di Tuban
141,"Dokter Muda Cantik, Serahkan Bantuan Gotong Royong DPD TMP Jabar untuk Masyarakat Kab. Garut yang Terdampak Bencana Alam"
142,"Ganjal Mesin ATM di Minimarket Rest Area Tol Cipali Subang, Pria Paruh Baya Dibekuk Jajaran Sat Reskrim Polres Subang"
143,"Qurban Kembali Ramai, Tedy Rusmawan Kagumi Kebersamaan Warga Bandung"
144,Isue Politisasi PKH di Tuban Hoax ?
145,"Beda Hari Pelaksaan Iedul Adha, Bupati Tuban : Alhamdulillah Tak Ada Masalah"
146,Pemkot Bandung Akselerasi Sertifikasi Tanah Tempat Ibadah
147,Salat Iduladha di Masjid Bisa Diikuti 100 Persen Jamaah
148,Perjalanan 6 Sekawan Pencuri Burung Berakhir dengan Dikurung
149,"Teras Belajar Smart Kini Tak Takut Panas dan Hujan, Yukk Belajar.!!"
150,"Bawa Anggotanya, Danramil Pamanukan Gerudug Polsek Legonkulon Beri Kejutan Hari Bhayangkara"
151,"Tekan Penyebaran Covid-19, Jajaran Polsek Binong Gandeng Puskesmas Binong Buka Gerai Vaksin di SPBU Wates"
152,"Ngobras Puspaga, Yunimar Ajak Para Ibu Melek Isu Keluarga"
153,"Percepat Ini, Akhirnya Pemkot Bandung Gandeng Kampus"
154,"Sering Beraksi di Wilayah Pantura Subang, Komplotan Maling Motor di Bekuk Jajaran Sat Reskrim Polres Subang"
155,Sebanyak Ini Pemkot Bandung Tebar Sapi dan Kambing saat Idul Adha
156,SIG Klaim Meredusir 61.380 Ton CO2 Per Tahun
157,Kecamatan Rancasari Kota Bandung Dukung UMKM Miliki NIB dan PIRT
158,Tedy Rusmawan Optimis Ekonomi Bandung Bangkit
159,Polda Jabar Tangkap 11 Orang  Yang Melakukan Penyelundupan Gas Elpiji Di Subang
160,"Hari Bhayangkara ke-76, Polsek Pamanukan Dapat Kejutan dari TNI"
161,"Kunjungi Trisa Purwati, Yana Beri motivasi dan Bantuan"
162,"Silaturahim dan Berikan Motivasi Pada Santri di Ponpes Al-Ukhuwah Pagaden, Kapolres Subang Minta Santriwati Berani Lapor Jika Dilecehkan"
163,"Pantai Semilir Tuban Memanas, Ahli Waris Bakal Adukan Pemdes Socorejo ke Polda Jatim"
164,Kelurahan di Kota Bandung Mulai Invetarisasi PTSL 2023
165,"Di Moment Tahun Ajaran Baru, Jajaran Polsek Pamanukan Berikan Edukasi kepada Pelajar di Pamanukan Subang"
166,"Berkat Kang Pisman, TPS-3R Dago Bengkok Kurangi Sampah 2,5 Ton"
167,Panduan Qurban saat Wabah PMK Menurut Fatwa MUI
168,"Genjot Vaksinasi Booster, Kapolres Subang Gelar Gebyar Vaksinasi di Alun-Alun Pagaden"
169,Ini Masukan Komisi A Bagi BKPSDM
170,"Alhamdulillah, Masjid Al Amin Bersertifikat Jemaah Tenang"
171,"Target Pemkot Bandung, Pengangguran Jadi 8 Persen"
172,"Saat Membungkus, Jangan Disatukan Daging dengan Jeroan"
173,"Pisah Sambut Dansektor 22 Citarum Harum, Yana Ajak Tingkatkan Kolaborasi"
174,Dana Desa dan CSR Belum Sentuh Penanganan TB di Subang
175,Jajaran Polsek Pusakanagara Berikan Bimbingan Kepada Calon Taruna SMKN 1 Pusakanagara
176,Segini Jumlah Jeroan Sapi dan Domba yang Dimusnahkan DKPP Kota Bandung
177,Ini Kata Yana Tentang Turnamen Sepak Bola Wanita Piala Wali Kota Bandung
178,Pemkot Bandung dan BSSN Kerjasama Pemanfaatan Sertifikat Elektronik
179,Tangis Haru Gadis Puluhan Tahun Tidak Bisa Berjalan Mendapatkan Kursi Roda Oleh Kapolres Subang
180,"Perkenalkan Pertanian Pada Kaum Milenial, Polbangtan Bogor Bersama Pemda Subang Gelar Open Day di SMKN 1 Pusakanagara"
181,"Lindungi Kaum Milenial, Polres Subang Musnahkan Berbagai Jenis Miras"
182,Kodim 0605/Subang Kolaborasi dengan Asistel Mabes-AD Gelar Binkom Cegah Konflik Sosial
183,Polsek Legonkulon Gandeng Pemdes Legonwetan Gelar Gebyar Vaksin Booster
184,"Hadiri Tahlil hari ke 7, DPD Taruna Merah Putih Jabar turut berbela sungkawa kepada keluarga korban Perundungan Tasikmalaya"
185,Sejumlah Anak Yatim Mendapat Daging Qurban dari Tim Penggerak PKK Kota Bandung
186,DPRD Kota Bandung Setujui Raperda Pertanggungjawaban APBD 2021
187,Komisi B Minta RSUD Kota Bandung Benahi Fasilitas Layanan
188,Komisi B Sarankan Tindak Lanjut Dana Retribusi Bagi Gedung Tinggi
189,"Resmikan Klinik Happy Healty Farma, Bupati Subang : Terima Kasih Telah Memenuhi Kebutuhan Pelayanan Kesehatan Masyarakat"
190,Selain Ultah ke-61 IKWI Gelar Konsolidasi
191,"Resmi Dibuka, Turnamen Bola Volly Taman Anggur Kukulu Diapresiasi Ketua TMP DPD Jabar"
192,"Dies Natalis SMAN 1 Pamanukan ke 41 Th, Alumni Nepam’84 Gelar Bakti Sosial dengan Memungut Sampah"
193,"Dilantik Menjadi Ketua DPD TMP Jabar, Niko Rinaldo Siap Rangkul Kaum Milenial"
194,Kapolres Subang Berikan Kadeudeuh pada Balita Asal Desa Mulyasari Pamanukan yang Menderita Lumpuh dan Terdapat Gumpalan di Otak
195,Ini Solusi Sosial Ekonomi Kelurahan Tamansari Kota Bandung
196,Nikmatnya Santap Daging Kurban
197,Pemkot Bandung Sebar 100 Ekor Kambing dan 45 Ekor Sapi Kurban
198,Pemkot Bandung dan Kodim 0618/BS Salurkan 2200 Dus Migor Curah
199,Sebanyak 200 Dosis Vaksin Sudah Diberikan Pada Peternak
200,Cari Kacamata Murah? Jalan ABC Solusinya!
201,"Tingkatkan Akses Pendidikan, Pemkot Bandung akan Bangun 16 SMP Baru"
202,"RASS, Instalasi Keamanan dan Pembentukan Karakter Siswa dengan Berjalan Kaki"
203,Hukum dan Panduan Pelaksanaan Ibadah Kurban saat Wabah PMK Menurut Fatwa MUI
204,Lancaster University dan Deakin University Bakal Dirikan Kampus di Kota Bandung
205,"Jalani Observasi, Yana Pastikan Dirinya dalam Keadaan Sehat"
206,Menpora: Stadion GBLA Layak Digunakan Persib Bandung
207,Wali Kota Bandung Minta Optimalisasi Kanal Media Sosial
208,Disdagin Kota Bandung Fasilitasi 50 UMKM Promosi ke Toko Swalayan
209,"Kunjungi Remaja Amputasi, Yana Beri motivasi dan Bantuan"
210,"Wajib Coba, Tiga Tempat Makan Populer di Sekitar Pasar Cihapit"
211,Pemkot Bandung Kucurkan Dana UHC Rp240 Miliar per Tahun
212,"Terapkan Kang Pisman, TPS-3R Dago Bengkok Kurangi Sampah Hingga 2,5 Ton"
213,"Sportourism, Geliatkan Pertumbuhan Ekonomi Kota Bandung"
214,Ingin Menikmati Lomie Murah Meriah? Yuk ke Lomie Rangin!
215,Ini Asal Muasal Nama Daerah di Bandung yang Berawalan ‘Ci’
216,Pemkot Bandung Targetkan Pengangguran Turun Jadi 8 Persen
217,"Cari Oleh-oleh Kota Bandung, Ini Dia Tiga Toko Recommended"
218,"Pemkot Bandung Siap Salurkan Bantuan RMP Rp89,4 Miliar"
219,Yuk! Intip dan Tiru Cara Pengolahan Sampah di RW 12 Maleer
220,Kembali Beroperasi! Catat Rute Bus Sekolah Gratis di Kota Bandung
221,"Alhamdulillah, Masjid Al Amin Bersertifikat Jemaah Tenang"
222,Tetap Nikmat Santap Daging Kurban Tanpa Khawatir Kolesterol
223,Semarak Pelajar Kota Bandung Sambut Tahun Ajaran 2022/23
224,"Tambah Ruang Publik, Pemkot Bandung Resmikan Ciko Arena 1"
225,DKPP Kota Bandung Musnahkan Lebih dari 369 Kg Jeroan Sapi dan Domba Kurban
226,"Zero APBD, Kolaborasi Jadi Solusi Sosial Ekonomi Kelurahan Tamansari"
227,Kangen Pantai? Ini Kafe Bernuansa Pantai di Kota Bandung
228,Anak Muda Bandung Harus Jadi Humas bagi Gerakan Generasi Berencana
229,Iduladha 1443 H: Pemkot Bandung Tebar 45 Sapi dan 100 Domba
230,Ingin Sensasi Memetik Jeruk Jepang? Yuk ke Mupu Jeruk
231,"Pisah Sambut Dansektor 22 Citarum Harum, Yana Ajak Tingkatkan Kolaborasi"
232,"Kadeudeuh untuk Juara MTQ, Yana: Pembinaan Kami Berkelanjutan"
233,Kota Bandung Masuk Top 5 Daerah yang Aktif Mempublikasikan Vaksinasi
234,Ema: Pengolahan Sampah di Kota Bandung Tunjukkan Tren Positif
235,"Habiskan Liburan Sekolah, Yuk Belajar Sejarah di Museum Kota Bandung"
236,ISPA dan Diare Ancam Kesehatan di Musim Pancaroba
237,Ingin Bersantai? Yuk Kunjungi Tiga Taman di Pusat Kota Bandung
238,"Sasar Zilenilal, DPPKB Kota Bandung Kemas Hari Keluarga Nasional Lewat Acara Festival"
239,"#Satsetsatset Akselerasi Program, Wali Kota Bandung Bentuk Tim Percepatan Pembangunan"
240,"Masih Kurang dari Kuota, Disdik Kota Bandung Akan Kembali Buka PPDB Online"
241,Kota Bandung Siap Jadi Tuan Rumah Liga IBL Playoff Musim 2022
242,"Serunya Pameran Inovasi Otomotif di Kiara Artha Park, Datang Yuk!"
243,"RPH Ciroyom, Peninggalan Belanda yang Masih Berfungsi Hingga Saat Ini"
244,Serunya Berburu Kuliner Hingga Fesyen di Trademark Market 2022
245,Antusias Orang Tua Murid Sambut Tahun Ajaran Baru
246,"Percepat Vaksinasi Booster, Pemkot Bandung Gandeng Kampus hingga Tempat Wisata"
247,"Selfie di dalam Pasar Tradisional, Yuk ke Pasar Kosambi"
248,"Rumah Seni Ropih, Pelopor Penjual Lukisan di Braga"
249,Pemkot Bandung Pastikan Taman Kota dalam Kondisi Terpelihara
250,Kota Bandung Bahas Sister City dengan Gumi dan Gimcheon Korsel
251,Toko Kelom Geulis Keng: Alas Kaki yang Tak Lekang Waktu
252,Pemkot Bandung dan BSSN Teken Kerja Sama Pemanfaatan Sertifikat Elektronik
253,Kolaborasi Bangkitkan Braga dari Dampak Pandemi Covid-19
254,"Taman Super Hero, Ini Sejumlah Fakta Menarik yang Perlu Diketahui"
255,"Kejar Target, Kelurahan Mulai Invetarisasi PTSL 2023"
256,Pemkot Bandung Targetkan Vaksin Booster Capai 50 Persen di Akhir Agustus
257,"Rancang 8 Program Prioritas, Pemkot Bandung Bakal Anggarkan Rp5,8 Triliun"
258,MPLS dan PTM Sekolah di Kota Bandung Berlangsung 100 Persen
259,"Musim Pancaroba, Waspadai 5 Penyakit yang Rentan Terjadi"
260,"Aturan Baru Masuk Mal di Kota Bandung, Berikut Ini Penjelasannya"
261,"Tekankan Booster, Yana: Jika Kita Turun ke PPKM Level 2, Semua Kena Rugi"
262,Salat Iduladha Berjemaah di Masjid Bisa 100 Persen
263,Kepala Disdik Kota Bandung: MPLS Tumbuhkan Kreativitas Siswa Baru
264,Yuk Manfaatkan Program Pemutihan Pajak Kendaraan Hingga 31 Agustus
265,Pemkot Bandung Terus Akselerasi Sertifikasi Tanah Tempat Ibadah
266,"Pandemi Covid-19 mereda, Pelaku Usaha Kuliner Mulai Menggeliat"
267,Buruan SAE Kecamatan Ujungberung Bantu Ekonomi Warga
268,Canggih! Layanan Administrasi Kependudukan Kota Bandung Siap Go Digital
269,"Dukung MPLS, Wali Siswa SDN 172 Andir Kidul Ikut Upacara Bersama"
270,Kecamatan Rancasari Dukung UMKM Miliki NIB dan PIRT
271,"Cegah PMK, Jangan Satukan Daging dan Jeroan dalam Satu Wadah!"
272,"Jelang Iduladha, Pemkot Bandung Telah Periksa 8331 Hewan Kurban"
273,"Co-Working Space Rancasari, Pusat UMKM Naikkan Level Marketing"
274,"Gudang Insan Kreatif, Ini 3 Jagoan Subsektor Ekraf Kota Bandung"
275,"Ngobras Puspaga, Yunimar Ajak Para Ibu Melek Isu Keluarga"
276,"Wakil Ketua DPRD Kota Bandung, Ade Supriadi Wafat, Yana Berduka"
277,Pemkot Bandung Bersama Kodim 0618/BS Salurkan 2.200 Dus Minyak Goreng Curah
278,"Sosok di Balik Seramnya Valak, Terdapat Kisah Inspiratif"
279,Pemkot Bandung Seriusi BPJS Ketenagakerjaan bagi non-ASN
280,Pemkot Bandung Sebarkan 100 Ekor Kambing dan 45 Ekor Sapi Kurban
281,"Turnemen Sepak Bola Wanita Piala Wali Kota Bandung, Yana: Kita Bepotensi"
282,Keren! Pemkot Bandung Raih Tiga Penghargaan Manajemen ASN dari BKN
283,Makanan yang Wajib Dicoba Ketika Berkuliah di Kawasan Cibiru
284,Hujan Meteor Bakal Lintasi Langit Kota Bandung Juli Ini
285,Tim Penggerak PKK Kota Bandung Bagikan Kurban untuk Anak Yatim
286,Wali Kota Bandung Ingatkan Taat Prokes Saat MPLS dan PTM
287,Begini Cara Mengolah Daging Kurban Cegah Virus PMK
288,"Jelang Idul Adha, Pemkot Bandung Telah Periksa 8331 Hewan"
289,Mencari Audio Tape Berkualitas Tinggi Harga Miring? Yuk Kunjungi Pasar Cihapit!
290,"Jelang Peringatan Hari Anak Nasional, Kota Bandung Gelar Sejumlah Kegiatan"
291,"Cegah Penyimpangan, Penyelenggara Penggalangan Dana Harus Akuntabel dan Transparan"
292,Kuota Belum Terisi: Orang Tua Pilih Datang ke SD Secara Langsung
293,"Peringati Harganas, Pencegahan Stunting Jadi Perhatian"
294,"Uncle Chen, Bakmie Nikmat yang Tersembunyi di Pasar Gempol"
295,Humas Kota Bandung Gelar Podcast di Pasar Kreatif TSM
296,"PMK Masih Mewabah, Pembagian Daging Hewan Kurban Dianjurkan Menggunakan Plastik"
297,Menilik Sejarah Villa Isola Bandung
298,"Bukan Fogging, Ini Cara Efektif Paling Utama Berantas DBD"
299,Yana Pastikan akan Terus Tingkatkan Indeks Kesehatan Kota Bandung
300,The Panturas Bakal Gelar Showcase di Tiga Kota  Bertajuk Wahana Ombak Banyu Asmara
301,"Dari Dewa 19 Hingga Kangen Band Bakal Tampil di Playlist Live Festival 2 Laswi City Heritage, 17-18 September"
302,"Jadwal Nonton Film Ivanna di CGV Bandung Tayang 16 Juli 2022, Lengkap dengan Harga Tiket"
303,"CONTOH Kesan dan Pesan Saat Mengikuti MPLS di SMP, SMA, dan SMK, Cocok Diberikan ke Panitia OSIS"
304,"Rekrutmen PPPK 2022 Segera Dibuka, Ini Persyaratan yang Harus Dilengkapi"
305,"KUMPULAN Quotes MPLS 2022 Lucu dan Unik, Cocok Dibagikan di Sosial Media, dari Intagram hingga TikTok"
306,"KUMPULAN Contoh Surat yang Ditunjukan untuk Kakak Kelas, OSIS dan Panitia MPLS"
307,"Jadwal Nonton Film IVANNA di CGV dan XXI Bekasi 14 Juli 2022, Lengkap dengan Harga Tiket"
308,Link Download Materi Lengkap MPLS Tema Pembinaan Mental Agama di Sekolah
309,"Sudah Beraksi di 50 Lokasi, Sembilan Pelaku Curanmor Berhasil Dibekuk Polres Cimahi"
310,"Film IVANNA Tembus 1 Juta Penonton Kurang dari Satu Pekan, Berikut Ini Sinopsisnya"
311,"Bikin Haru, Setelah Sekian Lama Ameena Putri Atta dan Aurel Akhirnya Bertemu Gen Halilintar"
312,BOCORAN Alchemy of Souls Episode 9 Tayang Jam Berapa? Simak Jadwal Tayangnya dan Link Nontonnya
313,"Jadwal SIM Keliling Kabupaten Bandung Hari Jumat 15 Juli 2022, Lokasinya di Baleendah dan Soreang"
314,WAJIB TAHU! Terlalu Sering Minum Minuman Manis Kemasan Ternyata Bisa Picu Penyakit Kanker Mematikan
315,"LAGI VIRAL, Ini Link Test Usia Mental Indonesia Cukup Klik Link Berikut"
316,Postingan Anya Geraldine Bikin Warganet 'Meleleh' saat Kenakan Tanktop Putih
317,"Potret Glenca Chysara dengan OOTD Bergaya Trendi, Tampil Memesona dan Dipuji Warganet"
318,"Manchester City Lirik Bek Brighton Marc Cucurella, Jadi Opsi Terbaik untuk Pep Guardiola"
319,Jadwal Nonton Film Detective Conan The Bride of Halloween di Bioskop CGV Bandung Kamis 21 Juli 2022
320,"Apa Itu Istilah 'Hangry' saat Lapar, Simak Penjelasan Lengkapnya"
321,"Cha Eun Woo Kunjungi Jakarta Besok, Penggemar Dibuat Tak Sabar"
322,"KPK Yakin Ada Alat Bukti Bendahara Umum PBNU Mardani Maming Terima Suap Rp104,3 Miliar"
323,"Ini Besaran Gaji dan Tunjangan PPPK 2022 yang Diterima Setiap Gelombang, Paling Tinggi Rp 6 juta"
324,"Dian Sastro dan Putri Marino Lagi jadi Perbincangan, Keduanya Bakal Bintangi Film Gadis Kretek"
325,"Tayang Besok, Ini Jadwal Nonton Film IVANNA di Bioskop XXI Bogor Kamis 14 Juli 2022"
326,"Diduga Kabur ke Papua Nugini, Bupati Mamberamo Tengah Ricky Ham Pagawak Jadi DPO KPK"
327,"Google, FB, dan WhatsApp, Terancam Diblokir pada 20 Juli 2022"
328,"Arti Asmaul Husna: Ar Rahman, Ar Rahim, dan Al Malik, Yuk Kita Hafalkan dan Selalu Menyebutnya"
329,18 Nama Peserta Junior MasterChef Indonesia 2022 Lengkap dengan Asal dan Akun Instagram
330,Cerita Aisyah Aqilah Alami Hal Mistis saat Syuting The Sacred Riana 2: Bloody Mary
331,Syifa Hadju Tampil Kenakan Mini Dress Seharga Rp3 Jutaan di Hari Ulang Tahunnya Ke-22
332,Doa Setelah Sholat Istikharah Lengkap Bacaan Latin dan Artinya
333,"JADWAL Pertandingan Liga 1 Pekan Perdana: Bhayangkara FC vs Persib, PSIS vs Rans Nusantara Jadi Pembuka"
334,"Jelang Hari Pernikahan, Via Vallen Mulai Deg-degan dan Bagikan Potret Prewedding"
335,"Festival GUDFEST 2022 Digelar di Stadion Madya Senayan Jakarta, 18-20 November, Ini DIa Harga Tiketnya"
336,"Bikin Semangat ke Sekolah, Ini 5 Yel-yel MPLS Siswa Baru SMP, SMA dan SMK Pakai Lagu Hits di TikTok"
337,"JADWAL LIGA 1: Bhayangkara vs Persib Petang Ini, Persikabo vs Persebaya Besok"
338,"Jadwal SIM Keliling Kabupaten Bandung Hari Kamis 14 Juli 2022, Cek Lokasi Lengkapnya"
339,"LINK dan Langkah Tes Usia Mental Bahasa Indonesia, Berikut Cara Main Mental Age Test"
340,Lirik Lagu Sekali Seumur Hidup Lesti Kejora yang Baru Rilis
341,"Masih Tayang, IVANNA Telah Sapa Lebih dari 500 Ribu Orang di Bioskop"
342,"33 Jawaban Minuman Teka-teki MPLS untuk SMP, SMA dan SMK: Sirup Alfabet, Minuman Spiritus dan Darah Beku"
343,Ribuan Santri dan Ulama Karawang Dukung Ganjar Pranowo Jadi Presiden
344,"Krisdayanti dan Ameena Hanna Nur Atta Selfie Bareng Geni Faruk, Warganet Doakan Kebahagiaan Mereka"
345,"JAWABAN 35 Teka-teki MPLS Snack dari Dodol Sapi, Snack Cadel, Tongkat Badai, SpongeBob Lembek"
346,"Indonesia vs China: Perebutan Tiket  Perempat Final FIBA Asian Cup, Senin 18 Juli 2022 Petang Nanti"
347,"Ini Bacaan Doa Sebelum dan Sesudah Tidur Lengkap dengan Artinya, Amalkan Yuk"
348,Jadwal Nonton IVANNA Weekend 16-17 Juli 2022 di Bioskop Batam dan Harga Tiketnya
349,Lokasi SIM Keliling Polres Cimahi Hadir di Tempat Ini Kamis 14 Juli 2022
350,5 Fakta Kenapa di Kamar Hotel Gak Ada Guling dan Ternyata Ini Alasannya
351,"Bikin Ngiler! Intip Resep dan Cara Membuat Oseng Kerang Dara, Cocok untuk Hidangan Makan Siang"
352,"Jadwal SIM Keliling Kota Bandung Hari Kamis 14 Juli 2022, Hadir di Dua Lokasi"
353,"Kumpulan Contoh Susunan Upacara Pembukaan MPLS untuk SMP, SMA dan SMK Singkat, Jelas Tapi Penuh Makna"
354,"Refal Hady kembali Menarik Perhatian, Bikin Kaum Hawa 'Meleleh' Lagi"
355,"11 Tempat Terlarang dan Tak Bisa Dikunjungi di Dunia, Nomor 3 Nyawa Taruhannya"
356,"BOCORAN 25 Jawaban Teka Teki MPLS Edisi Minuman: Minuman Aku Kamu, Minuman Putih Tidur, Air Tanah"
357,Link Download Jadwal Pelajaran KElas 1-6 SD/MI Edisi Kurikulum Merdeka Belajar
358,Catat Guys!  Ini 11 Kepribadian Pria yang Bisa Membuat Wanita Jatuh Cinta
359,"Contoh Teks Sambutan Ketua RT yang Berwibawa untuk HUT Kemerdekaan Indonesia Rabu, 17 Agustus 2022"
360,"ASAL USUL dan Cara Main Tes Usia Mental yang Lagi Viral di Medsos, Ternyata Awalnya dari Negara Ini"
361,"SINOPSIS Film Korea 2037, Kisah Pilu Gadis 19 Tahun Rela Lepaskan Mimpi jadi PNS, Viral di TikTok"
362,"Simak Link Tes Usia Mental, Klik Link Ini, Hasilnya Bakal Sesuai Ekspektasi?"
363,"LIRIK Lagu Casablanca Nuha Bahrin dan Naufal Azrin, Lengkap dengan Terjemahannya"
364,"Daftar 10 Aplikasi Grammar Bahasa Inggris Online Gratis, Kemampuan Kamu Bisa Semakin Terasah"
365,Bocoran Sinopsis Film Pengabdi Setan 2 Communion: Lebih Menyeramkan dan Menakutkan
366,"Jadwal SIM Keliling Kota Bandung Hari Jumat 15 Juli 2022, Cek Lokasi Lengkapnya di Sini"
367,"20 Pantun Ucapan Selamat Tahun Baru Islam 1444 Hijriyah Unik, Lucu, dan Kocak, Cocok untuk Teman"
368,"Ternyata Menyimpan Telur di Dalam Kulkas Bisa Berbahaya, Simak Penjelasannya di Sini"
369,IWO Jabar dan GNIJ Perkuat Sinergitas Wujudkan Indonesia Juara Atas Dukungan Ridwan Kamil
370,"Ini Rangkaian Acara Pernikahan Via Vallen dan Chevra Yolandi, Pelantun Lagu 'Sayang' Mulai Gugup"
371,"Masuk Radar PDIP, Andri Gunawan: Saya Hanya Anak Kampung, Seperti Mimpi"
372,CUACA HARI INI: BMKG Memprediksi Sebagian Wilayah Jabar Terjadi Hujan Ringan
373,Lokasi Mobil SIM Keliling Polres Cimahi Hari Jumat 15 Juli 2022
374,"Hati-hati dengan 4 Aplikasi Ini, Berbahaya Bagi Isi Rekening dan Ponsel Kamu"
375,Apakah Hasil Tes Usia Mental Akurat dan Sesuai? Simak Penjelasan Lengkapnya
376,Pasar Tradisional Didorong Miliki Konsep Modern untuk Meningkatkan Daya Saing
377,MMKSI Perkenalkan New Colt L300 kepada Konsumen Loyal di Bandung Melalui Kegiatan Customer Gathering
378,"Bersekongkol dengan Rusia, Kepala Intelijen dan Jaksa Agung Ukraina Dipecat"
379,"Gaya Cewek Mamba Ala Bunga Citra Lestari, Terlihat Elegan dan Fashionable"
380,"Pesona Titi Kamal Pakai Seragam SMA saat Hadiri Ultah Ussy Sulistiawaty, Disebut Masih Cocok jadi Pelajar"
381,Resep dan Cara Membuat Cap Cay Kuah yang Gurih dan Bergizi
382,7 Contoh Surat Ucapan Terima Kasih dalam Rangka MPLS Cocok Ditujukan ke OSIS dan Panitia di Sekolah
383,WOW! YouTuber Sekarang Bisa Ngutang ke Bank Menggunakan Kontennya
384,"Uang Miliaran Dibawa Kabur, Dua Perempuan Asal Bekasi Lapor ke Polda Jabar"
385,"Pamer Cincin Pernikahan di Balik Selimut, Jennifer Lopez Terlihat Bahagia dan Cantik Walau Tanpa Make Up"
386,"Untuk Versi Tertentu, WhatsApp Dikabarkan Kembangkan Fitur Sembunyikan Status Online"
387,"Sedang Tayang di Bioskop, Lebih dari 205 Ribu Orang Sudah Ketemu IVANNA di Hari Pertama Penayangan"
388,"Simak Kelebihan dan Kekurangan OPPO A16, Smartphone Harga Terjangkau"
389,"Jadwal Nonton Film Ivanna di Bioskop CGV Tangsel 15 Juli 2022, Lengkap dengan Harga Tiket"
390,"Intip Tiga Gaya Workout Anya Geraldine, Terlihat Natural dan Tetap Memesona"
391,"30 Snack Teka-Teki Jelang MPLS 2022, Ada Chiki Pembohong, Chikil Mal Jakarta hingga Biskuit Nabi"
392,"Gempa Magnitudo 5,8 Guncang Bengkulu, BMKG Sebut tak Berpotensi Tsunami"
393,Wajib Tahu! Ini Daftar Penyakit yang Ditanggung dan Tidak Ditanggung BPJS Kesehatan
394,"Pengurus IKA Uninus 2022-2027 Dilantik, Rektor Berharap Alumni Ikut Memajukan Uninus"
395,"Ini Daftar Harga Terbaru Tiga Jenis BBM di SPBU Pertamina di 34 Provinsi, Berikut Rinciannya"
396,"Prakiraan Cuaca Hari Ini, Senin, 18 Juli 2022, Wilayah Jabar Kembali Diguyur Hujan"
397,"Cara Main Tes Usia Mental, Berikut Ini LINK dan Langkah Mental Age Test Bahasa Indonesia"
398,"COBA SEKARANG! Ini Kumpulan Link Twibbon MPLS 2022 untuk SMP, SMA dan SMK Desain Terbaru dan Kekinian"
399,"Kapolresta Bandung Sidak ke Pasar Sehat Soreang, Antisipasi Peredaran Mi Formalin di Masyarakat"
400,Ketum SMSI Firdaus :  Kembangkan Jalinan Sinergitas Seluas-luasnya
401,Imigrasi Bandung Raih Penghargaan Gold Winner Humas terbaik dari Ditjenim
402,"IKWI Jabar Miliki Kantor Sekretariat, Atal.S Depari : Dukung Pelaksanaan Program-Program Strategis"
403,"Adhi Karyono Jabat Sekdaprov Definitif, Dwi Hari Cahyono : Harus Pastikan Pelayanan Publik Di Jatim Baik"
404,Tahlil untuk Eril Bergema di Depan Ka'bah
405,"Keren, Pemkot Bandung Raih Tiga Penghargaan Manajemen ASN dari BKN"
406,"Jabar Optimistis Target Imunisasi 3,4 Juta Anak Tercapai"
407,Subsidi BBM Semakin Menambah Berat Beban APBN
408,Ridwan Kamil Raih Penghargaan iNews Maker 2022
409,"Ketua DPW PRIMA Jawa Barat, Iwan Chandra Optimis Partai PRIMA Lolos Pemilu 2024"
410,Pelaksanaan Youth 20 Akan Dimeriahkan  Festival Inovasi Khas Anak Muda
411,"RASS, Instalasi Keamanan dan Pembentukan Karakter Siswa Dengan Berjalan Kaki"
412,"Rumah Siti Di Cisompet Kebakaran, Ketua DPC PDI Perjuangan Garut Berikan Bantuan"
413,"Bangun Pariwisata Gorontalo, Menteri Parekraf Gandeng HIPMI"
414,"Buka Hotline Pengaduan, Polresta Sidoarjo Panen Ungkap Kasus Pencabulan"
415,"Ketua Golkar Kurang Kenalkan Partai Ke Publik, Inilah Penyebab Elektabilitas Golkar Di Jatim Cuma 3 Persen"
416,Layanan Administrasi Kependudukan Kota Bandung Siap Go Digital
417,"Bukan Fogging, Ini Cara Efektif Paling Utama Berantas DBD"
418,Partai PRIMA Pastikan Daftar Sebagai Peserta Pemilu 2024
419,Ridwan Kamil Beserta Istri Bertakziah di Kediaman Almarhum Tjahjo Kumolo
420,"Maksimalkan Pengelolaan Sampah Regional, Revisi Perda Pengelolaan Sampah Di Jawa Timur Dikebut"
421,Ridwan Kamil Kunjungi Jemaah Haji Asal Jabar
422,Sekda jabar Tekankan Pentingnya Penyederhanaan Birokrasi
423,Indeks Demokrasi Indonesia Jabar Terus Meningkat
424,"Tambah Ruang Publik, Pemkot Bandung Resmikan Ciko Arena 1"
425,Uu Ruzhanul Perkuat dan Perluas Peluang Kerja Sama Jabar-Jepang
426,"Payung Hukum Turun, Kejati Jawa Timur Pelototi Penggunaan Anggaran Penanganan PMK di Daerah"
427,Disdagin Kota Bandung Fasilitasi 50 UMKM Promosi ke Toko Swalayan
428,Brigjen TNI Ruddy Prasemilsa Mahks Gantikan Brigjen TNI Dedy Agus Purwanto Sebagai Kabinda Jabar
429,"Polemik Holywings, Ridwan Kamil: Kewenangan Kabupaten dan Kota Untuk Tindak Tegas"
430,"Mendesak Sekali, Jawa Timur Segera Bangun Tempat Pengelolaan Sampah Regional"
431,Kolaborasi Bangkitkan Braga dari Dampak Pandemi Covid-19
432,Ridwan Kamil Lepas 413 Calon Jemaah Haji Kloter 34 asal Jawa Barat
433,"Golkar Kehilangan Figur Tokoh, Kader Senior Beber Syarat Kader Yang Layak Maju Pilgub Jawa Timur|"
434,Ridwan Kamil Beri Bantuan Seorang Remaja Yang Lumpuh
435,Ridwan Kamil Tinjau Kelayakan Rumah Nenek Ami Setelah Direnovasi
436,Jawa Barat Lepas Ekspor Kelapa Parut ke Meksiko
437,Sekda Tantang 25 Milenial Terpilih Beri Warna Baru Lewat Inovasi
438,"Bedah Buku “Loper Koran Jadi Jenderal”, Iwan Setiawan : Dudung Memang Tokoh Inspiratif"
439,"Jabar Berdzikir, Ulama dan Umaro Berdoa Agar Jabar Maju"
440,Balai Rehabilitasi Napza Adhyaksa di Bandung Sarana Pemulihan Tepat Kurangi Ketegantungan Narkoba
441,"Sejahterakan Umat, Remaja Masjid Di Jawa Timur Diberi Pelatihan Bisnis"
442,Pemkot Bandung  Perhatikan BPJS Ketenagakerjaan Bagi Non ASN
443,DPRD Kota Bandung Setujui Raperda Pertanggungjawaban APBD 2021
444,Jabar Dukung FAO Kembangkan Jalur Laluan Ikan Endemik Pada Bendungan
445,"Berdikari Di Negeri Orang, Gerindra Perjuangkan Pelatihan PMI Asal Jawa Timur Yang Akan Berangkat Ke Luar Nege"
446,"Sarmuji Maju Pilgub Jawa Timur Disorot, Kader Muda Golkar  Pasang Badan"
447,"Transformasi PT Migas Hulu Jadi Migas Utama, Uu Ruzhanul: Inovasi Tingkatkan PAD Jabar"
448,"Pusat UMKM, Co-Working Space Rancasari  Naikkan Level Marketing"
449,Ridwan Kamil: Kebijakan Pusat Lewat Aplikasi Peduli Lindungi Akan Disinkronisasi dengan Program Pemirsa Budima
450,"Miliki 1.490 Desa Mandiri, Jumlah Desa Mandiri Di Jatim Naik Signifikan"
451,"Kinerja Lemot, Bappeda Jawa Timur Disebut Sering Gagap Regulasi"
452,"Urutan Ke-4 Hasil Survei Di Jawa Timur, Golkar : Ini Cambuk Di Pemilu 2024"
453,Ketua DPC PDI-P Garut Yudha Puja Turnawan Bantu Korban Banjir
454,Wali Kota Bandung Minta Optimalisasi Kanal Media Sosial
455,Pemkot Bandung dan BSSN Teken Kerja Sama Pemanfaatan Sertifikat Elektronik
456,Kasad Jenderal Dudung Abdurachman Minta SMSI Kembangkan Jurnalisme Jujur
457,"Warga Melawan, TNU Lanud Mulyono Nekat Eksekusi Puluhan Rumah Purnawirawan Di Surabaya"
458,Jabar Gencarkan Penanaman Jutaan Bibit Mangrove di Pesisir Utara
459,"Sekdaprov Jawa Timur Definitif Dilantik, Gus Fawait: Terima Kasih Pj Sekdaprov Wahid Wahyudi"
460,Ridwan Kamil: PKK Adalah Benteng Keluarga
461,"Rajin Dukung Program Kehutanan di Jatim, Sahat Tua Simanjuntak Raih Penghargaan Nirwasita Tantra"
462,"Y20 Summit Press Conference, Dukungan Nyata Pemprov Jabar"
463,"Krisis Figur Tokoh, Saatnya Tokoh Muda Golkar Tampil Di Pilgub Jawa Timur"
464,"Kerahkan 70 Ribu Kader Di Puncak Harlah, PKB Jawa Timur Target Menang Muhaimin Iskandar Di Pilpres 2024"
465,"Mau Pergi Ke Area Publik di Jawa Timur, Inilah Syaratnya"
466,"Hidupkan Ekonomi TKI Saat Ibadah Haji, Gus Fawait: Kami Apresiasi Menteri Agama"
467,Wali Kota Bandung Ingatkan Taat Prokes Saat MPLS dan PTM
468,Ridwan Kamil Pastikan Sistem Pelayanan Jemaah Haji Jabar Maksimal
469,"Simulasi Pilgub, Duet Khofifah-Fawait Tempel Ketat Khofifah Emil Di Pilgub Jatim"
470,"Pengurus IKA Uninus 2022-2027 Dilantik, Rektor Berharap Bisa Bersinergi"
471,Wagub Jabar Ingatkan Penanganan  Stunting Tetap Skala Prioritas
472,Alumni Lemhanas Soroti Soal Khilafah Yang Mengancam Ideolgi NKRI
473,"Pemprov Jabar Sediakan SMA/SMK Gratis di Kota Bandung dan Cimahi, Cek Syaratnya Sekarang"
474,Ridwan Kamil Berikan Bantuan Pendidikan untuk Anak Yatim Alika Putri
475,"Kasus Asusila Di Kabupaten Malang Meningkat Tajam,Legislator Agusdono Mengaku Prihatin"
476,Ridwan Kamil  Ajak   IKAPTK Wujudkan Pembangunan Jabar Juara
477,Fraksi-fraksi di DPRD Jabar Tanggapi Pertanggungjawaban APBD 2021
478,Bandung Jadi Kota Terbaik Untuk Pelajar di Indonesia
479,Humas Kota Bandung Gelar Podcast di Pasar Kreatif TSM
480,Sportourism Bangkitkan Pertumbuhan Ekonomi Kota Bandung
481,"Fenomena Citayam Fashion Week Menular Ke Daerah, Rohani :Butuh Pengakuan Eksistensi Dari Pemerintah"
482,Pergelaran Flash Mob Angklung Pukau Warga Amerika Serikat
483,"Di Tengah Gempuran Angkutan Online, Iwan Bule Siap Bantu Selesaikan Persoalan Organda Jabar"
484,"Zero APBD, Kolaborasi Jadi Solusi Sosial Ekonomi Kelurahan Tamansari"
485,"SMSI Jawa Barat Kembali Gelar Rakerda, Kabupaten Bekasi Jadi Tuan Rumah"
486,Ridwan Kamil: KTT Y20 dengan Pesan Perdamaian Jadi Lokomotif Pemuda Indonesia Bangun Masa Depan
487,Ridwan Kamil Ikuti Kejuaraan Tenis Meja Adhyaksa Open 2022
488,Pemerintah Siapkan 17 Ribu Titik Pantau Pemotongan Hewan Qurban Di Jawa Timur
489,Pembangunan Masjid Raya Al-Jabbar Sudah Capai 56 Persen
490,"Wakil Ketua DPRD Kota Bandung, Ade Supriadi Wafat, Yana Berduka"
491,Kota Bandung Siap Jadi Tuan Rumah Liga IBL Playoff Musim 2022
492,"Rumah Seni Ropih, Pelopor Penjual Lukisan di Braga"
493,Jawa Barat Raih Dua Penghargaan Nasional Prestasi Kompetensi Pemerintahan
494,Kementerian Hukum dan HAM Canangkan Pariwisata Berbasis HAM di Jawa Barat
495,Danpussiad Brigjen TNI Iroth Beri Bimbingan Teknis Media Siber
496,Uu Ruzhanul Ulum: Harganas Momentum Perkokoh Hakikat Sebuah Keluarga
497,Buruan SAE Kecamatan Ujungberung Bantu Ekonomi Warga
498,Ridwan Kamil Jenguk Jemaah Haji Jabar Yang Sakit Stroke
499,Ridwan Kamil Sudah Selesaikan Tugas Sebagai Amirul Hajj Jabar
500,DPRD Kota Bandung Minta RSUD Benahi Fasilitas Kesehatan
501,Program Buruan SAE Kecamatan Ujungberung Membantu Ekonomi Warga
502,Komisi A Dukung Pengembangan Kreasi Seni Pencak Silat
503,Hujan Meteor Bakal Lintasi Langit Kota Bandung Juli 2022
504,"Dugaan Korupsi Bantuan Operasional Sekolah, Kejari Periksa 100 Kepsek"
505,"Protes Hasil Muscab, Pengurus DPAC Geruduk Kantor DPD Demokrat Jabar"
506,"Sabet Green Leadership Terbaik, MGP Puji Kinerja Bupati Bandung"
507,DPRD Berharap IKAPI Dorong Kemajuan Kota Bandung
508,Puluhan Massa Koalisi Anti Korupsi Geruduk BPK RI Perwakilan Jabar
509,"Sekretariat IKWI Jabar Diresmikan, Siap Dukung Pelaksanaan Program-Program Strategis"
510,DKPP Musnahkan Ratusan Kilo Jeroan Sapi dan Domba Kurban
511,"Rapat Dengan Bapenda, ini yang Disampaikan Komisi B DPRD Kota Bandung"
512,Pemkot Bandung Kembali Gelar Pasar Kreatif di 6 Pusat Perbelanjaan
513,Harus di Coba Tiga Tempat Makan paling Populer di Sekitar Pasar Cihapit
514,"KABAR DUKA, Wakil Ketua DPRD Kota Bandung Ade Supriadi Meninggal Dunia"
515,Fraksi Demokrat Siap Dukung Program Kerja KNPI Kota Bandung
516,Sekjen PDIP Sebut Pemikiran Bung Karno Menyatu Dalam Bumi Marhaenis
517,"Safari Politik Entang Suryaman, Partai Demokrat Punya Kesamaan Visi Dengan DPP AgotaX"
518,Pencegahan Stunting Jadi Perhatian di Harganas
519,"Yuk Belajar Sejarah di Museum Kota Bandung, untuk Habiskan Liburan Sekolah"
520,DPRD Jabar Kawal Program Demplot Pertanian di Indramayu
521,Trisa Purwati: Terima Kasih Kepada pak Wali atas Kunjungan dan Bantuan yang Diberikan
522,Kasad Jenderal Dudung Abdurachman Minta SMSI Teruskan Kembangkan Jurnalisme Jujur
523,"Ringkus Dua Buronan Korupsi PT Pos Indonesia, MGP Puji Kinerja Kejari Bandung"
524,"Percepat Vaksinasi Booster, Pemkot Bandung Gandeng Kampus hingga Tempat Wisata"
525,"Manajemen ASN BKN, Pemkot Bandung Sabet Tiga Penghargaan"
526,DPRD Minta Bank Bandung Permudah Akses UMKM
527,Pemkot Bandung Minta Dishub Maksimalkan Layanan Jalan dan Transportasi
528,Komisi B Dorong Besaran Restribusi Gedung Tinggi Ditinjau Ulang
529,bank bjb Bersama Ride-O Gelar Fellowship Bandung-Jogjakarta
530,"Waspada Lonjakan COVID-19, Pemkot Bandung Geber Vaksinasi Booster"
531,Yana Mengajak Tingkatkan Kolaborasi di Pisah Sambut Dansektor 22 Citarum Harum
532,Massa GP Ansor Geruduk Holywings Karangsari Kota Bandung
533,"Pastikan Berjalan Lancar dan Aman, Babinsa Koramil Tipe B 0808/04 Sanankulon Dampingi Penyaluran BLT DD"
534,Komisi D Dukung Pembangunan SMPN Baru
535,DPRD Harap Kontingen Kota Bandung Kembali Sabet Juara Umum Porprov Jabar
536,"Ke Bali, Pansus III DRPD Jabar Pelajari Kepesertaan Jaminan Sosial Ketenagakerjaan Pekerja Informal"
537,"Sambut Kedatangan 10 Hari Pertama Zulhijah, Global Qurban Gelar Liga 10"
538,9 Kali Beruntun! Kota Bandung Sabet Juara Umum MTQ Jabar
539,"Sempat Terdampak, Kawasan Braga Kini Bangkit dari COVID-19"
540,Pansus 4 Dorong Raperda Kebudayaan Lebih Berkualitas
541,"Ingin Bersantai, Yuk Kunjungi Tiga Taman di Pusat Kota Bandung"
542,DPRD Kota Bandung Minta Disnaker Perluas Pelatihan Calon Pekerja
543,"Bagaimana cara Mereka Mengolah Sampah di RW 12 Maleer, Yuk Kita Intip"
544,"Guyur Kadeudeuh, Pemkot Apresiasi Prestasi Kontingen MTQ Kota Bandung"
545,"Dalam Program Kang Pisman, TPS-3R Dago Bengkok Kurangi Sampah Hingga 2,5 Ton"
546,"Rendiana Awangga : Fenomena Citayam Fashion Week, Dorong Destinasi Wisata Kota Bandung"
547,Jabatan Kabinda Jabar Diserahterimakan dari Brigjen TNI Dedy Agus Purwanto kepada Brigjen TNI Ruddy Prasemilsa Mahks
548,ACT: Menyampaikan Permohonan Maaf atas Ketidaknyamanan yang Terjadi
549,BAKAR SERAGAM! Kader Demokrat Kota Bandung Ramai-ramai Mundur
550,Kuota Belum Terisi: Orang Tua Pilih Datang ke SD Secara Langsung
551,Disdagin Kota Bandung Fasilitasi 50 UMKM Promosi ke Toko Swalayan
552,Ketua DPRD Kota Bandung Sampaikan 5 Hikmah Berkurban
553,Pemkot Bandung Serius Garap BPJS Ketenagakerjaan Pegawai Non ASN
554,TOK! DPRD Kota Bandung Setujui Raperda Pertanggungjawaban APBD 2021
555,IKWI Selenggarakan Kegiatan Webinar Nasional “Sehat Kelola Dana dengan Fasilitas Pinjol dan Uang Digital”
556,Pemkot Bandung Menyebarkan 100 Ekor Kambing dan 45 Ekor Sapi Kurban
557,"Jelang Iduladha, Harga Migor Curah Terpantau Normal"
558,"Diduga Tak Berizin, MGP Desak Pemkot Bandung Hentikan Pembangunan Hotel Hemangini"
559,Tim Penggerak PKK Kota Bandung Bagikan Daging Kurban untuk Anak Yatim
560,"HUT Ke-16 Ormas BBC, Mugi Sujana Sampaikan Sejarah Berdirinya"
561,"Anggaran Rutilahu Kota Bandung 2022 Capai Rp 19,8 Miliar"
562,"Jalani Observasi di RS Santosa, Wali Kota Bandung Nyatakan Sehat"
563,Edwin Senjaya Hadiri Halalbihalal MUI Kujangsari
564,"Pasar Antik Cikapundung, Surganya Berburu Barang Vintage"
565,Aktivis Minta Kejari Tetapkan Tersangka Dugaan Korupsi Pengadaan Mobil COVID-19 di Dinkes KBB
566,"Mengenal Rumah Seni Ropih, Pelopor Penjual Lukisan di Braga"
567,MPLS dan PTM di Bandung Berlangsung 100 Persen
568,LSM BAN: Kejati Jabar Pastikan Pengusutan Kasus Dugaan Korupsi Diskominfo Masih Berproses
569,"Buntut Ketidakpuasan Hasil Muscab, Relawan Demokrat Bandung Mundur"
570,"Audensi Dengan Inspektorat Jabar, Agus Satria: Tuntutan Kita Tetap Minta Oknum Dipecat!"
571,Kota Bandung Jajaki Sister City Dengan Dua Kota di Korsel
572,"Geliat Transaksi Pasar Kreatif, Ketua DPRD Optimis Ekonomi Bandung Bangkit"
573,Wali Kota Optimis Sepak Bola Wanita di Bandung Raih Prestasi
574,"Bandung Kekurangan Gedung Sekolah, Tahun Ini Bangun 2 SMP Baru"
575,DPRD Apresiasi BBGRM Kelurahan Babakan Ciparay
576,"Ingin Nyaman Mengerjakan Tugas Sekolah, Yuk Kunjungi Kineruku Hegarmanah"
577,"Miras Berbau Sara, Persis Bandung Polisikan Holywings"
578,DPRD Kota Bandung Dorong Pemajuan Budaya Indonesia Melalui Kebaya
579,Rencananya Lancaster University dan Deakin University Bakal Dirikan Kampus di Kota Bandung
580,Bapemperda Usulkan Perda Bantuan Hukum
581,"bank bjb Dorong UMKM Go Global via Digitalisasi, Pembiayaan dan Pemberdayaan"
582,"PENTING! Cegah PMK, Daging dan Jeroan Harus Dikemas Terpisah"
583,Wakil Ketua DPRD Apresiasi Semangat Kemandirian Karang Taruna Cijagra
584,"Tolak Hasil Muscab, 18 DPAC Demokrat Kota Bandung Gugat Mahkamah Partai"
585,bank bjb dan Kimia Farma Tandatangani Mou Kerjasama Jasa Layanan Perbankan
586,"Rancang 8 Program Prioritas, Pemkot Bandung Kucurkan Rp 5,8 Triliun"
587,"Bus Sekolah Gratis Kembali Beroperasi, Ini Rutenya"
588,"Geruduk Gedung Sate, Massa MGP Minta Saber Pungli Dibubarkan"
589,Ema: Pengolahan Sampah di Kota Bandung Tunjukkan Tren Positif
590,"Terindikasi KKN, MGP Sorot Lelang Proyek Gedung DLH Tahap Dua"
591,"Geruduk Kejati Jabar, Massa MGP Minta Tiga Kasus ini Dituntaskan"
592,Pemkot Bandung Minta Penyelenggara Penggalangan Dana Akuntabel dan Transparan
593,DPRD Kota Bandung Sorot Kinerja Disbudpar
594,Komisi V Apresiasi P2APBD Jabar 2021
595,"Jaminan Kesehatan Nasional, Pemkot Bandung Kucurkan Dana UHC Rp 240 Per Tahun"
596,Kota Bandung dan Dua Kota di Korsel Jajaki Peluang Menjadi Sister City
597,Yunimar: Puspaga Kota Bandung Hadir Sebagai Wadah Para Ibu Belajar Seputar Keluarga
598,Polisi Amankan Residivis Pelaku Pencabulan Anak di Bawah Umur
599,Polisi Cek TKP Tanggul Jebol Timpa Kolam Pemandian Milik Perhutani di Kawasan Cipanas Galunggung
600,"Sungai Cimanuk Meluap, Sat Brimob Polda Jabar Evakuasi Warga Terdampak Banjir"
601,Kota Bandung Top 5 Daerah yang Aktif Publikasikan Vaksinasi
602,DPRD Jabar Terima Studi Komparasi Anggota Bamus DPRD Kota Cilegon
603,"Peringati Harganas Tingkat Kota Bandung, Pencegahan Stunting Jadi Perhatian"
604,"Manfaatkan Program Pemutihan Pajak Kendaraan, Lebih Mudah Bayar Cashless Tak Perlu Antre di Samsat!!!"
605,Daddy Rohanady Sambut Positif BIJB Kertajati Dijadikan Bandara Pemberangkatan Umroh
606,"Antisipasi Merebaknya PMK, Polisi Lakukan Patroli Edukasi dan Imbauan Kepada Pemilik Hewan Ternak Dalam Rangka Ops Aman Nusa II"
607,Polisi Amankan Pelaku Pengeroyokan di Cipedes Tengah Kota Bandung
608,"Polisi Tingkatkan Capaian Vaksin Booster, Cimahi-KBB Naik Hingga 50 Persen"
609,"Menabur Kebaikan, Berbagi Kebahagiaan Polisi dan Kodim 0609 Cimahi Bersinergi Beri Bantuan Kepada Masyarakat"
610,Polri Tunjuk Karowabprof Jadi Plh Karopaminal
611,"Antisipasi PMK, Polisi Intensif Lakukan Pengecekan Hewan Ternak Dalam Rangka Ops Aman Nusa II di Indramayu"
612,"Cegah PMK, Polisi Berikan Imbauan Kepada Warga Dalam Rangka Ops Aman Nusa II"
613,"Patroli Harkamtibmas, Polisi Sisir Penjual Miras dalam Rangka Ops Aman Nusa II"
614,"Sinergitas TNI-Polri, Sambangi Peternak Hewan Monitor Wabah PMK Desa Luwung Mundu Dalam Rangka Ops Aman Nusa II"
615,"Dalam Waktu Singkat, Aksi Curas di Sukabumi Berhasil Diungkap Polisi"
616,"Akselerasi Digitalisasi Perbankan Indonesia, bank bjb Kolaborasi dengan JALIN"
617,Layanan Administrasi Kependudukan Kota Bandung Siap Go Digital
618,"Kurun Waktu 6 Bulan, Polres Indramayu Ungkap 52 Kasus Narkoba"
619,"bank bjb Bakal Manjakan Nasabah, Bagikan Tiket Gratis Sounds of Downtown 2"
620,Kabid Humas Polda Jabar Menyatakan 15 Orang Diperiksa Terkait Perundungan Anak di Tasikmalaya
621,"Jalin keakraban, Polisi Silahturahmi ke Subkogartap 0614 Cirebon"
622,bank bjb Dukung Gelaran Pocari Sweat Run Indonesia 2022
623,"Cegah PMK, Polisi Terus Laksanakan Pemantauan Kesehatan Ternak di Wilayahnya Dalam Rangka Ops Aman Nusa II"
624,"Bakal Ancam Kemerdekaan Pers, Dewan Pers dengan Konstituennya Kritisi RUU KUHP"
625,"Kolaborasi dengan Ride-O, bank bjb Gelar Fellowship Ride Bandung-Jogjakarta"
626,Polisi Lakukan Pengecekan TKP Banjir Akibat Hujan Dengan Intensitas Tinggi di Bogor
627,"Siap Bubar dari Geng Motor Berandalan, Club SOT dan Club Slaughter Majalengka Deklarasi Alih Fungsi Jadi Ormas"
628,Wakapolda Jabar Pimpin Upacara Pembukaan Pendidikan Pembentukan Bintara Polri Gelombang II Tahun 2022
629,"Antisipasi Lonjakan Covid-19, Polisi Laksanakan Ops Yustisi Stasioner di Antapani"
630,Menpora Bersama Ketua PSSI dan Kapolda Jabar Cek Kelaikan Stadion GBLA
631,Kapolda Jabar Tinjau Pembangunan Mako Brimob Batalyon D Sat Brimob Polda Jabar
632,bank bjb Secara Konsisten Dorong UMKM Tembus Pasar Internasional
633,Dewan Sarankan Diskar PB Tinjau Kembali Dana Retribusi Gedung Tinggi
634,Polda Jabar Terima Bantuan Produk dari PT Tempo untuk Korban Banjir di Garut
635,Tim Patroli Polisi Kembali Tertibkan dan Sita Knalpot Bising di Sukabumi
636,Yana Optimis Kota Bandung Memiliki Potensi Pesepak Bola Wanita
637,Sat Brimob Polda Jabar Patroli Harkamtibmas Guna Cegah Aksi Anarkisme dan Kriminalisme
638,Wakapolda Jabar Tinjau Vaksinasi Covid-19 di Jajaran Polda Jabar
639,Pimpinan dan Anggota Khilafatul Muslimin Kabupaten Sukabumi Ikrarkan Deklarasi Kebangsaandan Setia pada Pancasila
640,Polisi Gotong Royong Bersama Masyarakat Perbaiki Jalan Dusun Kidul
641,"Polri Gelar Prarekonstruksi di TKP Kasus Brigadir J, Pastikan Komitmen Pembuktian Ilmiah"
642,Kabid Humas Apresiasi Ditreskrimum Polda Jabar Ringkus 5 Orang Begal Ban Serep di Indramayu
643,"Rapimnas SMSI Tahun 2022, Kasad Jenderal Dudung Ajak Anggota SMSI Mengedepankan Jurnalisme Jujur"
644,"Bunuh Pendeta dan 9 Warga, Pori Buru KKB Papua"
645,DPRD Harapkan Pemprov Jabar Tingkatkan PAD Tidak Hanya Bergantung pada Pajak
646,Pemkot Cimahi Melalui Disdagkoperin Gelar Sosialisasi Pembinaan Pengelola Pasar Rakyat
647,"Cegah Penggunaan Narkoba di Rutan, Polisi Lakukan Tes Urine Terhadap Tiga Pelaku Curas"
648,"Jembatan Copong Retak Tidak Dapat Dilalui, Polisi Rekayasa Arus Lalin di Garut"
649,"Patroli Sambang Harkamtibmas, Sat Brimob Polda Jabar Cegah Tindak Kejahatan Premanisme di Ruang Publik"
650,Pemkot Bandung Gandeng Kampus hingga Tempat Wisata Guna Percepat Vaksinasi Booster
651,"Banjir Sungai Cimanuk, Tim SAR Sat Brimob Polda Jabar Bantu Bersihkan Material Lumpur"
652,Brigjen TNI Ruddy Prasemilsa Resmi Jabat Kabinda Jabar
653,"Bentuk Kedisiplinan Sejak Dini, Polisi Berikan Pembinaan Kepada Paskibra di Desa Maja"
654,Kapolda Jabar Tinjau dan Berikan Bantuan di Lokasi Bencana Banjir Garut
655,Bayar PBB Lebih Mudah Melalui Fasilitas E-Tax bank bjb
656,Pansus 4 DPRD Kota Bandung Gelar Raker Soal Ekpose PPKD Tentang Pemajuan Kebudayaan
657,"Melalui Surat Edaran, Wali Kota Bandung Dukung Program Pemutihan PKB Hingga 31 Agustus"
658,Ema Sumarna Pastikan Taman Kota Bandung dalam Kondisi Terpelihara
659,Polisi Terjunkan Ratusan Personel Bantu Korban Banjir Bandang di Garut
660,Kadisdik Kota Bandung Tegaskan MPLS Tumbuhkan Kreativitas Siswa Baru
661,Nunung Nurasiah Harapkan Pelatihan Pembuatan Pastry Tambah Pengalaman Peserta
662,Komisi II Dorong Pemprov Jabar Menaikkan Kelas Pimpinan UPTD PPHH Cirebon dan Optimalisasi WUB
663,Dir Reskrimsus Polda Jabar Pimpin Konferensi Pers Praktek Pengoplosan Gas LPG Subsidi ke LPG Non Subsidi
664,"Pemkot Bandung Tambah Ruang Publik Baru, Diberinama Ciko Arena 1"
665,"Pencarian Orang Hilang, Bhabinkamtibmas dan Babinsa Bersama Warga Lakukan Penyisiran di Desa Cibeber Kecamatan Manonjaya"
666,"HUT ke-61, IKWI Gelar Konsolidasi Organisasi"
667,Tahun Ini MPLS dan PTM Sekolah di Kota Bandung Berlangsung 100 Persen
668,Wadir Lantas Polda Jabar Apresiasi Pelayanan Samsat Kota Bandung Barat
669,Kabid Humas Polda Jabar: Tim Penelitian Akademi Kepolisisan Laksanakan Penelitian Analisis Kompetensi Paja Akpol Lulusan Tahun 2020-2021
670,"Minim Pendaftar Baru, Disdik Kota Bandung Bakal Buka Lagi PPDB Online"
671,"Tindak Tegas Premanisme, Polisi Gerebek Markas Ormas dan Amankan Puluhan Anggotanya"
672,Kapal Polisi Patroli Amankan Teluk Palabuhanratu
673,DPRD Kota Bandung Apresisasi Konsep RASS
674,"Yana Mulyana Jalani Observasi, Namun Pastikan Dalam Keadaan Sehat"
675,Yana Sambut Baik Penyelenggaraan Liga IBL di Kota Bandung
676,"Optimalkan Layanan SPBE, Pemkot Bandung Kerja Sama dengan BSSN"
677,bank bjb Gelar Bussiness Review Semester I Tahun 2022
678,PPDB Tahap 2 Sebagian Orang Tua Pilih Datang ke SD Secara Langsung
679,"Pemkot Bandung Rancang 8 Program Prioritas, Bakal Anggarkan Rp5,8 Triliun"
680,"Pasca Banjir Bandang, Komisi I Tinjau Kesalahan Penanganan Aset Penting di Desa Sukaratu Garut"
681,"Monitoring PMK, Polisi Sambangi Peternak Hewan Dalam Rangka Ops Aman Nusa II di Desa Mertasinga"
682,Tim SAR Sat Brimob Polda Jabar Laksanakan Pengecekan Tebing Rawan Longsor di Lembang
683,Kabid Humas: Polda Jabar Amankan Pelaku Penyalahgunaan Gas LPG Subsidi di Subang
684,bank bjb Berikan Pembinaan kepada Petani Melalui Pola Kemitraan
685,bank bjb Akan Gelar Bincang Jumat Bisnis Spesial Episode 222
686,Polisi Terus Lakukan Pengecekan Harga dan Ketersediaan Minyak Goreng di Desa Kroya Kabupaten Indramayu
687,Polda Jabar Akan Tindak Tegas Penonton yang Masuk Tanpa Tiket
688,Kini IKWI Jawa Barat Punya Gedung Sekretariat Baru
689,"Pandemi Covid-19 Belum Berakhir, Ratusan Warga Sukabumi Jalani Vaksinasi Booster"
690,"Periode Juni Hingga Juli 2022, Polisi Amankan 33 Tersangka Kasus Narkotika di Kabupaten Bandung"
691,Polisi Berhasil Tangkap 8 Orang Diduga Joki UTBK SBMPTN di Jatim
692,Kabid Humas: Polda Jabar Berhasil Amankan Komplotan Pencuri Kain Woven
693,Ketua DPRD Kota Bandung Desak Pemkot Bandung Kembali Terapkan Ganjil Genap
694,"Targetkan Geng Motor, Patroli Polisi Bubarkan Tongkrongan Remaja dan Amankan Sepeda Motor Berknalpot Bising"
695,Komisi B Menilai Masih Banyak yang Harus Dibenahi oleh RSUD Kota Bandung
696,Geliatkan Pertumbuhan Ekonomi Kota Bandung
697,"Waspada, Kota Bandung Sudah Memasuki Musim Kemarau Sejak Awal Juli"
698,Seorang Lelaki Setengah Baya Menculik dan Rudapaksa Bocah 11 Tahun di Sumenep
699,"Tak Perlu Antre, Ternyata Bayar PBB Sangat Mudah Cukup Lewat Handphone"
700,"Dampingi Tim Bea Cukai Berantas Rokok Illegal, Sat Pol PP Sumedang Siapkan Personel"
701,"Dudung Abdurachman, Loper Koran Jadi Jenderal"
702,Brigjen TNI Iroth Ajak SMSI Berkolaborasi Menangkal Penyalahgunaan Media Siber untuk Kepentingan Jahat
703,"Sekda: Taati Prokes, Bantu Pemulihan Ekonomi"
704,Kota Bandung Siap Jadi Menjadi Tuan Rumah Liga IBL Playoff Musim 2022
705,Sumedang Percepatan Target 30 Persen Booster di Akhir Agustus 2022
706,Bupati Dony Menganggap Fenomena Ini Seperti Dukungan Dari Alam Semesta
707,Kepsek dan OP Rancaekek Jalani Rekon BMD dari Tim Disdik Kab Bandung
708,Inilah Kelebihan Instax Mini Liplay yang Perlu Kamu Ketahui
709,Pemkot Bandung Kucurkan Dana UHC Rp240 Miliar per Tahun
710,Tim Kewaspadaan Dini Daerah Dibekali Pengetahun Intelijen
711,Wisata Kampung Buricak Burinong Dikunjungi Pemkab Dan DPRD
712,"Selama Tiga Hari, Mahasiswa Semester VII PAI STAI Unsap Ikuti KIM"
713,KMD Untuk Kepala SLTP Resmi Dibuka Wabup
714,"Green Leadership Nirwasita Tantra 2022, Walikota, Pemkot dan DPRD Kota Sukabumi Berbarengan Raih Peringkat Pertama"
715,Bagian Organisasi Setda Gelar Sosialisasi Anjab dan ABK
716,Satker Disdik Kab. Bandung ‘Reinkarnasi’ Korwil yang di KO?
717,Pemkot Bandung Bersama Kodim 0618/BS Mensalurkan 2.200 Dus Minyak Goreng Curah
718,Tangkal Omicron Centaurus ke Sumedang dengan Optimalisasi Vaksin Booster
719,Kapolres Sumedang Melaksanakan Silaturahmi ke PC Nahdlatul Ulama (NU)
720,"Kegiatan Rehabilitasi Jaringan Irigasi Daerah Irigasi Samiran Mulai Berjalan, Pasokan Air Pertanian Dihentikan Sementara"
721,"Matangkan Kawasan Industri Butom, Dony: Sumedang Bakal jadi Masa Depan Pertumbuhan Ekonomi Indonesia"
722,"Belum Genap Sebulan Menjabat, Kapolres Sumenep Didemo Mahasiswa"
723,"Hadiri Stadium General, Wakil Mendagri Ingatkan Praja IPDN Akan Tantangan Era Disrupsi"
724,Desa Cikurubuk Jadi Role Model Budi Daya Padi Organik
725,"Melalui Produktivitas dan Efisiensi, bank bjb Genjot Performa Layanan Digital"
726,Tim SAR Gabungan Temukan Korban Tenggelam di Sungai Cianjur Kab Cianjur dalam Keadaan Meninggal Dunia
727,"Gegara Sabu, Nuryadi Warga Klaten Jateng Diciduk Polisi di Stand Pasar Malam Sumenep"
728,Sekda Kabupaten Bandung Puji Command Center Sumedang
729,Sekda Apresiasi PKW Yang Digelar LPKMA Sumedang
730,“SIAPKAH KAMU JADI GENERASI EMAS 2045?”
731,Penaikkan Harga Bapokting Berperan Kota Sukabumi Alami Inflasi
732,SFC Bangga Diundang Bupati ke Gedung Negara
733,Tim BPBD Evakuasi Korban Kebakaran di Lantai 3 IPP
734,"Salahgunakan Wewenang, MGP Tuntut Oknum Saber Pungli Jabar Dipecat"
735,Kota Bandung Bahas Sister City dengan Gumi dan Gimcheon Korsel
736,"Dapatkan Tiket Sounds of Downtown 2, Saat Buka Rekening bank bjb"
737,Lapor…! Bupati Bandung Dimohon  SK PPPK  di Bulan Juli-Agustus 2022?
738,"Setelah Vakum Selama 15 Tahun, Temu Kadarkum Kembali Digelar"
739,Budi Daya Padi Organik Lebih Menguntungkan
740,"BaraJP Dukung Jokowi 3 Periode, Ini Pertimbanganya"
741,Pemkot Bandung Terus Akselerasi Sertifikasi Tanah Tempat Ibadah
742,Pengurus Baru AMS Distrik Sumedang Siap Bermitra Dengan Pemda
743,"Yana: Tekankan Booster, Jika Kita Turun ke PPKM Level 2, Semua Kena Rugi"
744,"Raih Anugerah Niswasita Tantra, MGP Apresiasi Kinerja Bupati Bandung"
745,Riska Borong Dua Medali Emas pada Indonesian National Championship 2022
746,Pemkot Bandung Seriusi Tentang BPJS Ketenagakerjaan bagi non-ASN
747,DPPKB Kota Bandung Kemas Hari Keluarga Nasional Lewat Acara Festival
748,Pusat UMKM Naikkan Level Marketing Co-Working Space Rancasari
749,Brigjen TNI Ruddy Prasemilsa Mahks Gantikan Dedy Agus Purwanto Jabat Kabinda Jabar
750,Mantap…! Kinerja FKKS Kecamatan Cileunyi Layak Dicontoh
751,"Kejari Sumenep Musnahkan BB dari Ratusan Perkara, Penyalahgunaan Narkoba Mendominasi"
752,"Manfaatkan DBH HCT, Diskopukmpp Berinisiatif Kembangkan Pengolahan Hasil Tembakau"
753,"Pemkot Bandung Resmikan Ciko Arena 1, Tambah Ruang Publik"
754,"Harga Tembakau Anjlok Akibat Cuaca Ekstrim, Petani mengeluh"
755,"Stok Blangko e-KTP Kosong, Dispendukcapil Pamekasan Pinjam Milik Pemkab Sumenep dan Sampang"
756,"Pemkot Bandung Bakal Anggarkan Rp5,8 Triliun Rancang 8 Program Prioritas"
757,"Sinergi Jaga NKRI, SMSI Bersama TNI AD Tandatangani PKS"
758,"Digelar Kesbangpol, Walikota Sukabumi Buka Pendidikan Politik Bagi Pemilih Pemula"
759,"Datang Yuk! Serunya Lho Pameran Inovasi Otomotif di Kiara Artha Park, di Tunggu ya"
760,"Mitra TACO, Dukung Pemulihan Ekonomi UMKM Indonesia Pasca Pandemi"
761,Wabup Hadiri Peringatan Hari Koperasi Nasional di Kendal
762,Anggota DPRD Sumedang Beberkan Risiko Lumpuhnya Pelayanan Kesehatan Dampak PP 49 tahun 2018
763,Bupati Main Katapel di IPP
764,"Dalam Peringati Harganas, Pencegahan Stunting Jadi Perhatian"
765,Bupati Beraudiensi Dengan PD Pemuda Persis Sumedang
766,Kapan di Merger? Oknum Kepala SDN Komplek Berebut Siswa Baru
767,Unsap Sumedang Menjadi Salah Satu Perguruan Tinggi Yang Menjadi Barometer Pendidikan di Kabupaten Sumedang
768,Kasad Dudung Minta SMSI Teruskan Kembangkan Jurnalisme Jujur
769,"Sekda, Selamat Datang di Kabupaten Sumedang Peserta KKL Dikreg 62 Seskoad Tahun 2022"
770,"Pasokan Meningkat, Harga Cabai di Kota Sukabumi Berangsur Turun"
771,Penyelesaian Pembangunan Tol Cisumdawu Masih Terkendala Masalah Sosial
772,Kota Bandung Kini Memiliki RASS Lingkungan Pendidikan
773,"HUT ke-61, IKWI Menyelenggarakannya dengan Kesederhanaan dan me-launching website IKWIKU"
774,Wali Kota Bandung Hanya Mengingatkan Taat Prokes Saat MPLS dan PTM
775,Sumedang Terbanyak di Jabar Terapkan Program “Merdeka Belajar”
776,Kota Bandung Gelar Sejumlah Kegiatan Jelang Peringatan Hari Anak Nasional
777,Vaseline Daily Sun Care Wujudkan Mimpi 9 Pelari Indonesia pada Ajang Marathon Internasional di Berlin
778,Pelopor Penjual Lukisan di Braga Rumah Seni Ropih
779,Kecamatan Rancasari Mendukung UMKM Miliki NIB dan PIRT
780,Kecamatan Coblong Borong Juara Satu di Dua Perlombaan Senam Kreasi dan Fun Robic PERWOSI Kota Bandung
781,Ini Cara yang Efektif Paling Utama Berantas DBD
782,Layanan Administrasi Kependudukan Kota Bandung Siap Go Digital
783,"Tarif Baru Transaksi BRI Mobile atau Internet Banking Naik Menjadi 150 Ribu, Benarkah?"
784,Kabupaten Sumedang Masuk KLA Kategori Madya
785,Pemkot Bandung dan BSSN Teken Kerja Sama Pemanfaatan Sertifikat Elektronik
786,Yana: Kita Bepotensi  Turnamen Sepak Bola Wanita Piala Wali Kota Bandung
787,Ahli Waris Non PNS Dinas Pendidikan Terima Santunan JKK
788,bank bjb Dorong Tingkatkan Kompetensi UMKM agar Terus Tumbuh dan Naik Kelas
789,Wabup: Potensi Konflik Pemilu 2024 Harus Diantisipasi
790,Juara MMA One Pride Asal Sumedang Datangi Gedung Negara
791,Pemda Terus Support Atlet Berprestasi
792,Pasis Dikreg LXII Seskoad KKL di Sumedang
793,"Bersumber dari DBHCHT, Dinas Pertanian Sumedang Serahkan Bantuan Cultivator"
794,DPRD Kota Bandung Menyetujui Raperda Pertanggungjawaban APBD 2021
795,"Gudang Insan Kreatif, Ini 3 Jagoan Subsektor Ekraf Kota Bandung"
796,Kecamatan Rancasari Dukung UMKM Miliki NIB dan PIRT
797,Kapolres Sumedang Pimpin Langsung Patroli KRYD
798,Tim Penggerak PKK Kota Bandung Bagikan Kurban untuk Anak Yatim
799,Dandim 1715/Yahukimo Lakukan Pendampingan Diklat Bagi Kelompok Usaha Perikanan Kab. Nduga
800,Media Jurnal Polri Wilayah Jawa Barat Gelar Rakerda
801,Polri jatuhkan Sanksi PTDH ke AKBP Raden Brotoseno Sebagai Wujud Komitmen Kapolri
802,Lancaster University dan Deakin University Bakal Dirikan Kampus di Kota Bandung
803,Bandung Jadi Kota Terbaik untuk Pelajar di Indonesia
804,Kota Bandung Masuk Top 5 Daerah yang Aktif Mempublikasikan Vaksinasi
805,Pemkot Bandung Kucurkan Dana UHC Rp240 Miliar per Tahun
806,"Kabid Humas Polda Jabar : Sinergitas TNI-POLRI, Sambangi Peternak Hewan Monitor Wabah PMK Desa Luwung Mundu Dalam Rangka Ops Aman Nusa II"
807,Polri Buru KKB Papua Pembunuh Pendeta dan 9 Warga
808,"Pisah Sambut Dansektor 22 Citarum Harum, Yana Ajak Tingkatkan Kolaborasi"
809,"Sekda: Taat Prokes, Bantu Pemulihan Ekonomi"
810,"Wakil Ketua DPRD Kota Bandung, Ade Supriadi Wafat, Yana Berduka"
811,POLDA JABAR AKAN TINDAK TEGAS PENONTON YANG MASUK TANPA TIKET
812,Kabid Humas Polda Jabar : Tim Patroli Polisi Kembali Tertibkan Dan Menyita Knalpot Bising
813,Pengamanan Kunjungan Kerja Wakil Menteri Dalam Negeri RI Di Nabire
814,PATROLI SAMBANG HARKAMTIBMAS SAR BRIMOB POLDA JABAR CEGAH TINDAK KEJAHATAN PREMANISME DI RUANG PUBLIK
815,Waspada Sulit Air Bersih Saat Kemarau Basah di Kota Bandung
816,Sah! DPRD Kota Bandung Setujui Raperda Pertanggungjawaban APBD 2021
817,"MENPORA, KETUA PSSI DAN KAPOLDA JABAR CEK KELAIKAN STADION GBLA UNTUK PERTANDINGAN LIGA 1"
818,"Rumah Terbakar Saat Ditinggal Pemiliknya, Polsek Manonjaya Mengamankan TKP"
819,Kembali Beroperasi! Catat Rute Bus Sekolah Gratis di Kota Bandung
820,Wakapolda Jabar Apresiasi Antusias Masyarakat Yang Mengikuti Vaksinasi Di Pendopo Kabupaten Indramayu
821,PEMUDA HIJRAH WAKAFKAN AL-QURAN DAN IQRO DI KAMPUNG SADANGMEKAR KABUPATEN BANDUNG BARAT
822,"Co-Working Space Rancasari, Pusat UMKM Naikkan Level Marketing"
823,"Yuk Belajar Sejarah di Museum Kota Bandung, Habiskan Liburan Sekolah"
824,"Serunya Pameran Inovasi Otomotif di Kiara Artha Park, Datang Yuk!"
825,Acara “Bikers Rendezvous” berlangsung di Hotel UNI pada Sabtu-Minggu 23-24 Juli 2022 di Pangandaran Jawa Barat
826,"Sportourism, Geliatkan Pertumbuhan Ekonomi Kota Bandung"
827,Kuota Belum Terisi: Orang Tua Pilih Datang ke SD Secara Langsung
828,"Gudang Insan Kreatif, Ini 3 Jagoan Subsektor Ekraf Kota Bandung"
829,Komandan Korem 172/PWY Brigjen TNI J.O. Sembiring Turut berdukacita mendalam Pasca Penembakan Pendeta di Nduga
830,"TPS-3R Dago Bengkok Kurangi Sampah Hingga 2,5 Ton, Terapkan Kang Pisman"
831,"Jelang Peringatan Hari Anak Nasional, Kota Bandung Gelar Sejumlah Kegiatan"
832,"Gudang Insan Kreatif, Ini 3 Jagoan Subsektor Ekraf Kota Bandung"
833,"Masih Kurang dari Kuota, Disdik Kota Bandung Akan Kembali Buka PPDB Online"
834,Intip dan Tiru Cara Pengolahan Sampah di RW 12 Maleer
835,Dandim 1702/JWY Menghadiri Pertemuan dalam Rangka Peningkatan SDM Dibidang Pertahanan Pangan di Kab. Jayawijaya
836,Pemkot Bandung Bersama Kodim 0618/BS Salurkan 2.200 Dus Minyak Goreng Curah
837,"Kunjungi Remaja Amputasi, Yana Beri motivasi dan Bantuan"
838,Waka Polda Jabar Pimpin Langsung Pengecekan Vaksin Booster Kewilayahan Secara Virtual Melalui Zoom Meeting
839,"Kanit Binmas Polsek Manonjaya Hadiri Kegiatan Seni Tradisional Sepak Bola Ikat Kaki, Sambut Hari Kemerdekaan Ke-77 dan Hari Jadi Desa Margaluyu Ke-38"
840,Kabid Humas Polda Jabar : Polda Jabar Tangkap 11 Orang Yang Melakukan Penyelundupan Gas Elpiji Di Subang
841,"RASS, Instalasi Keamanan dan Pembentukan Karakter Siswa dengan Berjalan Kaki"
842,Danrem 172/PWY Terima Audiensi Pemuda Batak Bersatu
843,Pemkot Bandung dan BSSN Teken Kerja Sama Pemanfaatan Sertifikat Elektronik
844,Kasrem Pimpin Pengantaran Jenazah Secara Militer Prajurit Satgas Yonif 711/RKS
845,"Jalani Observasi, Yana Pastikan Dirinya dalam Keadaan Sehat"
846,Ini Asal Muasal Nama Daerah di Bandung yang Berawalan ‘Ci’
847,"Perempuan Muda Ditemukan Tak Bernyawa di Kamar Kost, Polsek Tawang dan Inafis Polres Tasikmalaya Kota Amankan TKP"
848,Canggih! Layanan Administrasi Kependudukan Kota Bandung Siap Go Digital
849,Kota Bandung Siap Jadi Tuan Rumah Liga IBL Playoff Musim 2022
850,Tradisi Penerimaan Anggota Baru Kodim 1702/JWY
851,"Rancang 8 Program Prioritas, Pemkot Bandung Bakal Anggarkan Rp5,8 Triliun"
852,"Sasar Zilenilal, DPPKB Kota Bandung Kemas Hari Keluarga Nasional Lewat Acara Festival"
853,Pemkot Bandung Terus Akselerasi Sertifikasi Tanah Tempat Ibadah
854,Kapolda Jabar Tinjau Dan Beri Sumbangan Serta Bantuan Ke Lokasi Bencana Banjir Garut
855,Pemkot Bandung Seriusi BPJS Ketenagakerjaan bagi non-ASN
856,Pemkot Bandung Pastikan Taman Kota dalam Kondisi Terpelihara
857,Kabid Humas Polda Jabar : Polisi Amankan 4 Pelaku Spesialis Pencurian Mobil Pickup
858,Kodim 1715/Yahukimo Bantu Garap Sawah Sebagai Program Unggulan
859,Kepala Disdik Kota Bandung: MPLS Tumbuhkan Kreativitas Siswa Baru
860,Danrem Pimpin Sertijab Kasiren Korem 172/PWY
861,"Tiga Tempat Makan Populer di Sekitar Pasar Cihapit , Wajib Coba"
862,"Kabid Humas Polda Jabar : Setelah Lima Belas Hari Buron, Akhirnya Polisi Bekuk Anggota Geng Motor Pelaku Penusukan"
863,PATROLI SAMBANG HARKAMTIBMAS SAR BRIMOB POLDA JABAR CEGAH TINDAK KEJAHATAN PREMANISME DI RUANG PUBLIK
864,"Peringati Harganas, Pencegahan Stunting Jadi Perhatian"
865,Semarak Pelajar Kota Bandung Sambut Tahun Ajaran 2022/23
866,"Penyelenggara Penggalangan Dana Harus Akuntabel dan Transparan, Cegah Penyimpangan"
867,"Wali Siswa SDN 172 Andir Kidul Ikut Upacara Bersama, Dukung MPLS"
868,Wali Kota Bandung Pastikan akan Terus Tingkatkan Indeks Kesehatan Kota Bandung
869,"Gelar Prarekonstruksi di TKP Kasus Brigadir J, Polri Pastikan Komitmen Pembuktian Ilmiah"
870,Kabid Humas Polda Jabar : Awasi Wabah PMK Polisi Sambangi Peternak Hewan Dalam Rangka Ops Aman II
871,Monitoring donor Darah Dalam rangka Rangkaian Kegiatan Hari Bakti TNI AU ke-75. Tahun 2022
872,Anak Muda Bandung Harus Jadi Humas bagi Gerakan Generasi Berencana
873,"Rumah Seni Ropih, Pelopor Penjual Lukisan di Braga"
874,"Kabid Humas Polda Jabar : Antisipasi PMK, Polisi Intensif Lakukan Pengecekan Hewan Ternak Dalam Rangka Ops Aman Nusa II"
875,"Kanit Binmas Polsek Cisayong Hadiri Pembagian Insentif Tunjangan Ketua RW, RT dan Linmas di Desa Nusawangi"
876,"Bersama GAMKI, Polres Cimahi Berikan Bantuan Kepada Warga Penderita Tumor dan Pembengkakan Jantung"
877,Wali Kota Bandung Ingatkan Taat Prokes Saat MPLS dan PTM
878,Labfor Polri Masih Terus Periksa HP dan CCTV Kasus Brigadir J Secara Scientific Crime Investigation
879,Buruan SAE Kecamatan Ujungberung Bantu Ekonomi Warga
880,Danrem 172/PWY Memberikan Ruang Bagi Pemenang Festival Musik Anak Jalanan di Cafe Kota Jayapura
881,Pemanfaatan Lahan Tidur Kodim 1702/Jayawijaya
882,KAMMI Minta Publik Percaya Kerja Timsus dan Komnas HAM Dalam Mengungkap Kasus Tewasnya Brigadir “J”
883,WAKAPOLDA JABAR TINJAU VAKSINASI COVID-19 DI JAJARAN POLDA JABAR
884,Kabid Humas Polda Jabar : Polda Jabar Periksa 15 Orang Soal Perundungan Anak
885,Polri Tunjuk Karowabprof Jadi Plh Karopaminal
886,"Gelar Prarekonstruksi di TKP Kasus Brigadir J, Polri Pastikan Komitmen Pembuktian Ilmiah"
887,Babhinkamtibmas Desa Burujul Wetan Bantu Pembangunan Pasilitas Umum Bersama Aparatur Desa Setempat
888,"Turnemen Sepak Bola Wanita Piala Wali Kota Bandung, Yana: Kita Bepotensi"
889,Disdagin Kota Bandung Fasilitasi 50 UMKM Promosi ke Toko Swalayan
890,Kabid Humas Polda Jabar : SAR Sat Brimob Polda Jabar Laksanakan Patroli Tanggap Bencana Alam Untuk Pengecekan Tebing Rawan Longsor
891,"Pemkot Bandung Gandeng Kampus hingga Tempat Wisata, Percepat Vaksinasi Booster"
892,"#Satsetsatset Akselerasi Program, Wali Kota Bandung Bentuk Tim Percepatan Pembangunan"
893,Kota Bandung Bahas Sister City dengan Gumi dan Gimcheon Korsel
894,"Kabid Humas Polda Jabar : Cegah PMK, Polisi Monitoring Kandang Hewan Ternak Dalam Rangka Ops Aman Nusa II"
895,"Tekankan Booster, Yana: Jika Kita Turun ke PPKM Level 2, Semua Kena Rugi"
896,Tedy Rusmawan Desak Pemberlakuan Ganjil-Genap di Kota Bandung
897,"Gelar Raker Bersama Diskar PB, Komisi B Sarankan Tindak Lanjut Dana Retribusi Bagi Gedung Tinggi"
898,Pemkot Bandung Resmikan Ciko Arena 1 di Kecamatan Batununggal
899,Satuan Satresnarkoba Polrestabes Surabaya Amankan Pengedar Sabu-Sabu Asal Putat Jaya Surabaya
900,Tradisi Pedang Pora Penyambutan Kapolres Baru dan Pelepasan Pejabat Lama Kapolres Pasuruan
901,"Lewat Program Gesit, Pemkot Bandung Terus Akselerasi Sertifikasi Tanah Tempat Ibadah"
902,"PPKM Level 1, Kota Bandung Siap Jadi Tuan Rumah Liga IBL Playoff Musim 2022"
903,"Idul Adha, Tedy Rusmawan Kagumi Kebersamaan Warga Bandung"
904,"Dukung UMKM Miliki NIB dan PIRT, Kecamatan Rancasari Fasilitasi Para Pelaku Usaha"
905,"Evaluasi Kinerja Triwulan II T.A. 2022, Komisi A Sodorkan Sejumlah Masukan bagi BKPSDM"
906,"Pascapandemi Covid-19, Nunung Nurasiah Semangati Para Peserta Pelatihan Katering"
907,Kembalikan Senyuman Jurnalis Bersatu Jenguk Dzakira
908,"Lewat Sasar Zilenilal, DPPKB Kota Bandung Kemas Hari Keluarga Nasional"
909,"Harkamtibmas, Polres Pasuruan Kota Gelar Operasi Bina Kusuma"
910,Polres Gresik Tahan Empat Tersangka Penistaan Agama
911,"Berikan Rasa Aman ke Anak Sekolah, Kini Bandung Punya RASS"
912,Kini Layanan Administrasi Kependudukan Kota Bandung Siap Go Digital
913,"Terima Kunjungan PSHT Kota Pasuruan, Kapolres Berpesan Jaga Kondusifitas Jelang 1 Suro"
914,"Meningkatkan Sinergitas, Kapolres Pasuruan Bersilaturahmi Kepada Tokoh Agama di Kabupaten Pasuruan"
915,"bank bjb Gelar Bincang Jumat Bisnis Spesial Episode, Hadirkan Ahli Bisnis Ekspor"
916,"Nyamar Jadi Tukang Potong Rambut, Pemuda Ini Ditangkap Polisi"
917,"Berikan Rasa Aman di Lingkungan Pendidikan, Yudi Cahyadi Apresiasi RASS"
918,Apes!! Maling Kurang Pinter Tertangkap Warga
919,"Jalin Silaturahmi, Kapolres Pasuruan Kunjungi Tokoh Agama Pengasuh Pondok Pesantren"
920,"Ternyata KWH Meter Listrik Milik PLN, Punya Usia Pemakaian. Apa Saja Cirinya?"
921,Danpussenarhanud Terima Cinderamata Lukisan Karya Anak Bandung dari Insan Media
922,"KPK Gagal Jemput Paksa Mardani Maming, Ketua Umum Aliansi Madura Indonesia Nyeletuk: Bubar Sajalah Kalian!"
923,"HUT ke-61, IKWI Gelar Konsolidasi Organisasi"
924,"Masuki Musim Kemarau, Kota Bandung Waspada Sulit Air Bersih"
925,"Ikan Sungai Musi Tercemar Mikroplastik, Saatnya! Kurangi Penggunaan Plastik Sekali  Pakai"
926,"Final Piala Presiden 2022 di Kanjuruan Aman, Aremania Berikan Apresiasi Polres Malang"
927,"Melek Isu Keluarga, Yunimar Ajak Para Ibu Ngobras Puspaga"
928,Polresta Sidoarjo Berhasil Ungkap Tiga Kasus Pencabulan
929,Sindikat Online UTBK SBM PTN Keok di Tangan Satreskrim Polrestabes Surabaya
930,Ayah Tina Korban Kecelakaan Maut Minta Sopir Dijerat Pasal Pemberatan
931,Naas!! Seorang Pemuda Intip Wanita Cantik Saat Mandi Berakhir di Bui
932,IKWI Jawa Barat Resmi Punya Gedung Sekretariat Baru
933,Operasi Bina Kusuma Polres Pasuruan Kota Sasar Tempat Wisata
934,"Maling Tidak Punya Ilmu Kebal, Bonyok Dihajar Warga Tanah Merah"
935,bank bjb Bersama Ride-O Gelar Fellowship Bandung-Jogjakarta
936,"Dua Minggu Menjabat, Kapolres Bangkalan Sudah Tunjukkan Taringnya"
937,"Tingkatkan Ekonomi Pascapandemi Covid-19, Edwin Senjaya Buka Pelatihan Manajemen Sanggar dan Lingkung Seni Regol"
938,"LSM Garda Kawal Sampang,  Layangkan Surat Audensi Ke Badan Anggaran DPRD Sampang"
939,Anggota Komisi D DPRD Kota Bandung Tekankan Makna Ketekunan pada Peserta Pelatihan Kerja
940,Legislator PKS : Jumlah Puskesmas Di Surabaya Jauh Dari Ideal
941,Polsek Kenjeran Ringkus Pemuda Yang Meresahkan Warga Yang Menggunakan Samurai
942,"Cegah Penularan Covid-19, Polsek Tambaksari Laksanakan Vaksin dan Swab Hunter"
943,"Hadir di Merauke, Pangkogabwilhan III Beri Semangat dan Motivasi Satgas Pamtas Yonif 123/Rajawali"
944,"Pelaku Ilegal Acces Dimaafkan Korban, Polres Pasuruan Kota Terapkan Restorative Justice"
945,"Soal Penanganan Kemacetan, Ketua DPRD Kota Bandung Harapkan Inovasi Dishub"
946,bank bjb Aktif Mengembangkan Pemberdayaan Ekonomi UMKM
947,LSM AMCD-P dan Yayasan Mambaus Sholach Menggelar Harlah dengan Tema “SEHAT BANGSAKU”
948,"DI Hari Anak Nasional, Aeshnina Aktivis Muda Yang Mendapat Penghargaan Dari BRI"
949,"Temukan Minat & Bakat Siswa-Siswi, SMP Muhammadiyah 15 Boarding School Surabaya Lakukan Tes PSIKOTES"
950,Setengah Lusin Maling Lompat Dipamerkan Polsek Gubeng
951,United E-Motor X PLN Touring Percepat Program Go Green Go Electrik
952,Kontroversi Rumdis Auri Tidak Perlu Penetapan Eksekusi
953,Pengajian Rutin Majelis Dzikir Miftahul Amin Tanah Merah Surabaya
954,Polsek Tambaksari Kembali Bongkar Pagupon Ajang Perjudian Karang Asem
955,"Berangkatkan 13 Angkutan Kota, Spemlibels Kirim Peserta Terbanyak"
956,Setda Tulungagung Lantik Kepala Sekolah SD-SMP
957,Satresnarkoba Polres Pelabuhan Tanjung Perak Bekuk Pemuda Asal Klakahrejo Surabaya
958,DPRD Pasuruan Mengucapkan Selamat Hari Raya Idul Adha 1443 H
959,"Diskusi Bersama BPJAMSOSTEK, Pemkot Bandung Seriusi BPJS Ketenagakerjaan bagi non-ASN"
960,Polres Pasuruan Berhasil Menangkap Pelaku Pembunuhan Seorang Wanita di Kec.Lumbang
961,Polsek Tambaksari Tangkap Lima Tersangka Perjudian Burung Dara Karang asem
962,Lanud Muljono Sampaikan Status Kepemilikan Rumah/Tanah Simogunung Kepada Warga
963,"Tingkatkan Sinergitas, Kapolres Pasuruan Kunjungi Forkopimda dan Ulama"
964,"Warga Panik, Pabrik Tripleks di Beji Dilalap si Jago Merah"
965,Polda Jatim Ringkus Komplotan Curanmor yang Beraksi di Wilayah Jatim
966,UMKM di Kecamatan Rancasari Naikkan Level Marketing
967,Pemkot Bandung Kucurkan Dana UHC Rp240 Miliar
968,"Walikota Tak Temui Massa Aksi, Tembok Pagar Pemkot Jebol"
969,Polres Gresik Lakukan Penahanan Dua Tersangka Penistaan Agama
970,"Dukung Upaya Swasembada Beras dan Ketahanan Pangan, Pangkogabwilhan III Bertemu Para Poktani"
971,"Kejar Target Vaksin Booster, Polresta Malang Kota Gelar Vaksinasi di Lapas"
972,Nikmati Kopi Sendu Jurnalis Bersatu With Kapolsek Gubeng
973,Penanda Tanganan Pakta Intergritas “Zero Weste” di MPLS Spemlibels
974,"Niat Menyalip, Mobil Inova Adu Banteng Dengan Mobil Cerry Hingga Terguling"
975,Ini Catatan Pansus 4 DPRD untuk Raperda Pemajuan Kebudayaan
976,Tedy Rusmawan Optimistis Ekonomi Bandung Bangkit
977,"Tak Ikuti Aturan, Lanud Muljono Kosongkan Rumah Dinas"
978,"Mudahkan Urus Dokumen, Polrestabes Luncurkan Gerai"
979,"Satukan Tali Asih, Jurnalis Bersatu Peduli Putri Dzakira"
980,"Lepas Sambut Kepala Kabinda Jabar, Ruddy Akan Terus Jaga Stabilitas Keamanan Negara"
981,Media Libas Malaka Santuni Anak Yatim dan Dhuafa
982,"Ditanya Soal Pengembalian Kerugian Negara, Dinas PUPR Bangkalan Sebut BPK Kurang Update"
983,"Verifikasi Visual Pengembangan Ekowisata Citarik, Dansektor 21 Citarum Harum Dampingi Bapenas RI"
984,LSM Abdi Rakyat Kembalikan Senyum Sindi
985,Polres Pasuruan Kota Berhasil Amankan 2 Pelaku Penyalahgunaan Narkotika Jenis Sabu
986,"Selipkan Sabu, Sopir Truck Asal Sukomanunggal Diringkus oleh Satresnarkoba Polrestabes Surabaya"
987,"Melalui Produktivitas dan Efisiensi, Bank bjb Genjot Performa Layanan Digital"
988,"Raker Bersama RSUD Kota Bandung, Komisi B Minta Benahi Fasilitas Layanan"
989,DPRD Kota Bandung Setujui Raperda Pertanggungjawaban APBD 2021
990,Jumlah Dokter Gigi Spesialis Masih Minim di Indonesia
991,Kapolres Pasuruan Pimpin Upacara Sertijab Kapolsek Jajaran Polres Pasuruan
992,Polres Sumenep Berhasil Ungkap Kasus Persetubuhan dan Pencabulan Anak
993,DPC FKKPBM Kabupaten Pasuruan Lakukan Aksi Tanam 700 Pohon
994,"Polresta Malang Berhasil Menggagalkan Peredaran Narkoba, Puluhan Ribu Pil Koplo Diamankan"
995,"Berlangsung 100 Persen, MPLS dan PTM Sekolah di Kota Bandung Dilakukan Secara Tatap Muka"
996,Bank Bjb Dorong UMKM Go Global
997,Ketua IKWI Pusat Resmikan Sekretariat IKWI Jabar
998,Kota Bandung Siap Jadi Tuan Rumah IBL Playoff Musim 2022
999,"Diduga Selewengkan Dana Umat, Ini Klarifikasi Presiden ACT"
